Latitude,Longitude,VIC_AGE_GROUP,Součet hodnot: Community Districts,OCCUR_TIME,PERP_AGE_GROUP
40.516572,-74.196874,18-24,15,1899-12-30 02:15:00,(null)
40.527587,-74.191658,<18,15,1899-12-30 13:57:00,(null)
40.535616,-74.165917,25-44,15,1899-12-30 19:48:00,25-44
40.57200642,-73.98931656,18-24,21,1899-12-30 02:00:00,25-44
40.57200642,-73.98931656,25-44,42,1899-12-30 02:00:00,25-44
40.572196,-73.994815,25-44,84,1899-12-30 23:57:00,(null)
40.572196,-73.994815,45-64,84,1899-12-30 23:57:00,(null)
40.57278637,-73.99596126,<18,21,1899-12-30 15:05:00,18-24
40.57278637,-73.99596126,<18,21,1899-12-30 15:05:00,25-44
40.57305383,-73.98078894,18-24,21,1899-12-30 21:45:00,<18
40.57305383,-73.98078894,18-24,21,1899-12-30 21:45:00,18-24
40.574062,-73.9962,25-44,21,1899-12-30 22:30:00,(null)
40.574619,-73.99197,25-44,21,1899-12-30 21:41:00,<18
40.574818,-73.990926,<18,21,1899-12-30 19:03:00,<18
40.576947,-74.002691,25-44,21,1899-12-30 00:19:00,18-24
40.576947,-74.002691,25-44,21,1899-12-30 22:35:00,18-24
40.576947,-74.002691,45-64,21,1899-12-30 22:35:00,18-24
40.58037949,-73.96760006,<18,21,1899-12-30 13:05:00,<18
40.58097687,-74.00401402,18-24,21,1899-12-30 03:25:00,18-24
40.58262,-73.986223,18-24,21,1899-12-30 15:37:00,25-44
40.58485539,-73.94987033,25-44,32,1899-12-30 03:25:00,(null)
40.585767,-73.953434,25-44,32,1899-12-30 14:45:00,(null)
40.585939,-74.159871,25-44,30,1899-12-30 06:00:00,25-44
40.5859433449759,-73.8161019228725,18-24,51,1899-12-30 22:18:00,18-24
40.586037,-73.813046,25-44,51,1899-12-30 12:40:00,18-24
40.587391,-73.812603,18-24,51,1899-12-30 23:10:00,18-24
40.589785,-73.789414,25-44,51,1899-12-30 19:30:00,(null)
40.58988995,-73.80746642,18-24,51,1899-12-30 19:48:00,25-44
40.58988995,-73.80746642,25-44,51,1899-12-30 19:48:00,25-44
40.590866,-73.984149,18-24,21,1899-12-30 16:01:00,45-64
40.590866,-73.984149,45-64,21,1899-12-30 07:00:00,25-44
40.59107783,-73.79596994,18-24,51,1899-12-30 21:10:00,18-24
40.591112,-73.978279,18-24,21,1899-12-30 02:29:00,(null)
40.591112,-73.978279,25-44,21,1899-12-30 23:48:00,18-24
40.591432,-73.981799,18-24,21,1899-12-30 22:29:00,18-24
40.591432,-73.981799,18-24,21,1899-12-30 22:29:00,25-44
40.592103,-73.787749,18-24,51,1899-12-30 23:15:00,18-24
40.592103,-73.787749,25-44,51,1899-12-30 23:15:00,18-24
40.59305673,-73.77531756,25-44,102,1899-12-30 21:00:00,(null)
40.594115,-73.997577,18-24,1,1899-12-30 22:10:00,18-24
40.59512615,-73.75125004,25-44,51,1899-12-30 01:00:00,(null)
40.595321,-73.974355,25-44,32,1899-12-30 02:36:00,25-44
40.595862,-73.781894,18-24,51,1899-12-30 16:15:00,18-24
40.59588835,-73.76385375,<18,51,1899-12-30 13:30:00,(null)
40.596076,-73.939603,25-44,32,1899-12-30 21:35:00,18-24
40.596248,-73.797515,<18,102,1899-12-30 21:29:00,(null)
40.596248,-73.797515,18-24,102,1899-12-30 21:29:00,(null)
40.596387,-73.936778,25-44,32,1899-12-30 23:55:00,(null)
40.597113,-73.941249,25-44,64,1899-12-30 22:35:00,(null)
40.59734648,-73.77094961,25-44,51,1899-12-30 10:06:00,25-44
40.59742,-73.938412,18-24,32,1899-12-30 22:50:00,(null)
40.59742,-73.938412,25-44,64,1899-12-30 00:11:00,(null)
40.59742,-73.938412,25-44,32,1899-12-30 19:10:00,25-44
40.597992,-73.760014,25-44,102,1899-12-30 02:01:00,(null)
40.598139,-73.766898,25-44,51,1899-12-30 12:10:00,18-24
40.598356,-73.940984,<18,32,1899-12-30 23:45:00,(null)
40.598356,-73.940984,18-24,64,1899-12-30 17:16:00,(null)
40.598356,-73.940984,25-44,64,1899-12-30 17:16:00,(null)
40.59837285,-73.98794037,18-24,1,1899-12-30 21:43:00,(null)
40.59945,-73.961273,18-24,64,1899-12-30 00:15:00,(null)
40.59971,-73.761425,<18,51,1899-12-30 15:29:00,<18
40.600538,-73.75808,25-44,51,1899-12-30 20:10:00,25-44
40.601493,-73.753555,25-44,51,1899-12-30 16:40:00,25-44
40.602186,-73.749101,25-44,102,1899-12-30 18:40:00,(null)
40.6027762300781,-73.7501173648331,18-24,51,1899-12-30 01:03:00,(null)
40.6027762300781,-73.7501173648331,18-24,51,1899-12-30 18:44:00,<18
40.6027762300781,-73.7501173648331,18-24,51,1899-12-30 21:44:00,(null)
40.6027762300781,-73.7501173648331,25-44,51,1899-12-30 20:50:00,(null)
40.603499,-73.974098,25-44,1,1899-12-30 10:18:00,45-64
40.603766,-73.759286,25-44,51,1899-12-30 22:08:00,18-24
40.60478281,-73.75399789,<18,51,1899-12-30 15:47:00,18-24
40.606321,-74.065039,18-24,4,1899-12-30 13:23:00,25-44
40.606656,-73.75615,18-24,51,1899-12-30 05:22:00,18-24
40.608337,-73.967479,25-44,32,1899-12-30 22:38:00,(null)
40.609773,-73.750609,18-24,51,1899-12-30 18:21:00,(null)
40.60998,-73.985452,25-44,1,1899-12-30 23:25:00,(null)
40.610023,-73.922165,<18,5,1899-12-30 14:30:00,18-24
40.610028,-73.753587,25-44,102,1899-12-30 23:36:00,(null)
40.612606,-74.083121,25-44,8,1899-12-30 05:54:00,45-64
40.612606,-74.083121,45-64,8,1899-12-30 05:54:00,45-64
40.614521,-73.927925,18-24,5,1899-12-30 02:55:00,(null)
40.614774,-74.083046,25-44,8,1899-12-30 22:20:00,(null)
40.61547,-74.081663,25-44,4,1899-12-30 18:49:00,(null)
40.616823,-74.102617,18-24,4,1899-12-30 20:21:00,(null)
40.617425,-73.931167,18-24,5,1899-12-30 03:27:00,25-44
40.617425,-73.931167,25-44,10,1899-12-30 03:27:00,25-44
40.61969645,-73.91484963,18-24,5,1899-12-30 23:35:00,18-24
40.621234,-74.025789,25-44,10,1899-12-30 01:05:00,25-44
40.621252,-73.993693,25-44,1,1899-12-30 12:45:00,25-44
40.621389,-73.926633,18-24,5,1899-12-30 14:50:00,18-24
40.62246,-73.927252,25-44,5,1899-12-30 15:41:00,25-44
40.62285974,-74.02534566,45-64,10,1899-12-30 00:21:00,18-24
40.6231883776008,-74.1492376947323,25-44,4,1899-12-30 01:52:00,<18
40.6231883776008,-74.1492376947323,25-44,12,1899-12-30 01:52:00,18-24
40.623977,-74.081548,18-24,4,1899-12-30 14:20:00,18-24
40.623977,-74.081548,45-64,4,1899-12-30 17:31:00,(null)
40.624308,-74.026242,25-44,10,1899-12-30 18:50:00,(null)
40.625903,-74.07637,18-24,4,1899-12-30 00:25:00,<18
40.62744,-74.076949,25-44,4,1899-12-30 15:15:00,25-44
40.629779,-74.110715,25-44,4,1899-12-30 19:37:00,25-44
40.63158175,-73.94754388,<18,60,1899-12-30 15:30:00,(null)
40.63329,-73.9058,25-44,5,1899-12-30 00:26:00,25-44
40.633304,-73.92115,25-44,10,1899-12-30 13:30:00,25-44
40.634124,-73.902336,25-44,5,1899-12-30 13:40:00,25-44
40.634174,-73.919331,25-44,5,1899-12-30 00:10:00,(null)
40.634238,-73.922695,25-44,5,1899-12-30 20:29:00,(null)
40.634386,-73.941524,18-24,122,1899-12-30 02:41:00,18-24
40.634386,-73.941524,25-44,122,1899-12-30 02:41:00,18-24
40.635216,-74.106642,25-44,4,1899-12-30 02:12:00,(null)
40.635216,-74.106642,25-44,4,1899-12-30 17:27:00,(null)
40.635786,-73.93739,<18,61,1899-12-30 22:48:00,(null)
40.63602442,-74.13477006,25-44,4,1899-12-30 02:24:00,(null)
40.636301,-73.921462,25-44,5,1899-12-30 09:33:00,(null)
40.636478,-73.944639,18-24,61,1899-12-30 18:43:00,25-44
40.636479,-73.919068,18-24,5,1899-12-30 16:58:00,18-24
40.6368328,-74.13820899,<18,4,1899-12-30 00:38:00,(null)
40.637427,-73.897225,25-44,5,1899-12-30 00:48:00,25-44
40.637524,-73.907962,18-24,5,1899-12-30 20:21:00,18-24
40.63776,-74.076476,18-24,4,1899-12-30 17:56:00,18-24
40.63801,-73.898489,25-44,5,1899-12-30 21:39:00,25-44
40.638095,-74.128978,18-24,4,1899-12-30 15:37:00,25-44
40.638149,-73.936667,25-44,61,1899-12-30 12:48:00,25-44
40.638158,-73.968473,18-24,2,1899-12-30 09:15:00,18-24
40.638158,-73.968473,18-24,2,1899-12-30 09:15:00,25-44
40.638196,-73.913105,25-44,5,1899-12-30 20:02:00,18-24
40.638196,-73.913105,25-44,5,1899-12-30 20:02:00,25-44
40.638659,-74.022462,18-24,10,1899-12-30 14:03:00,25-44
40.638698,-73.946819,18-24,61,1899-12-30 23:00:00,(null)
40.638977,-74.171252,18-24,4,1899-12-30 19:26:00,<18
40.639114,-73.97885,25-44,2,1899-12-30 11:10:00,(null)
40.639296,-73.99843,25-44,2,1899-12-30 01:45:00,(null)
40.639549,-73.893941,18-24,5,1899-12-30 14:18:00,<18
40.639779,-73.951792,25-44,61,1899-12-30 23:28:00,<18
40.639779,-73.951792,25-44,61,1899-12-30 23:28:00,18-24
40.640047,-74.086119,25-44,4,1899-12-30 00:29:00,25-44
40.640255,-73.944083,25-44,61,1899-12-30 21:18:00,(null)
40.6403,-73.956676,25-44,60,1899-12-30 06:17:00,25-44
40.640407,-73.949435,25-44,61,1899-12-30 14:47:00,(null)
40.640559,-73.954766,<18,60,1899-12-30 20:54:00,18-24
40.64094117,-73.96050106,45-64,60,1899-12-30 19:57:00,18-24
40.641509,-74.083128,18-24,4,1899-12-30 00:41:00,25-44
40.641509,-74.083128,25-44,4,1899-12-30 00:41:00,25-44
40.641509,-74.083128,45-64,4,1899-12-30 00:41:00,25-44
40.642107,-74.080674,25-44,4,1899-12-30 18:10:00,25-44
40.642851,-73.958581,45-64,60,1899-12-30 00:20:00,(null)
40.643321,-74.010383,18-24,9,1899-12-30 09:05:00,25-44
40.6436045,-73.94299775,18-24,61,1899-12-30 10:50:00,(null)
40.644339,-73.879059,18-24,45,1899-12-30 20:53:00,(null)
40.644458,-73.90854,18-24,10,1899-12-30 03:46:00,(null)
40.644458,-73.90854,25-44,20,1899-12-30 03:46:00,(null)
40.644696,-74.097213,45-64,4,1899-12-30 03:15:00,(null)
40.645056,-74.104773,<18,4,1899-12-30 18:12:00,<18
40.645056,-74.104773,<18,4,1899-12-30 18:12:00,18-24
40.645056,-74.104773,18-24,4,1899-12-30 18:12:00,<18
40.645056,-74.104773,18-24,4,1899-12-30 18:12:00,18-24
40.64596,-73.950029,18-24,61,1899-12-30 03:30:00,25-44
40.646331,-73.896533,25-44,5,1899-12-30 17:00:00,(null)
40.64659,-73.925455,25-44,61,1899-12-30 18:15:00,18-24
40.646674,-73.954492,25-44,61,1899-12-30 02:48:00,25-44
40.646743,-73.959318,18-24,60,1899-12-30 21:15:00,18-24
40.647119,-74.088178,<18,4,1899-12-30 18:08:00,<18
40.647321,-73.896997,25-44,5,1899-12-30 05:39:00,25-44
40.647813,-73.961804,25-44,60,1899-12-30 00:25:00,(null)
40.647818,-73.956943,25-44,60,1899-12-30 22:38:00,(null)
40.648249,-73.91234,25-44,61,1899-12-30 13:10:00,18-24
40.6486135510607,-73.9052572032302,25-44,5,1899-12-30 06:45:00,(null)
40.6486135510607,-73.9052572032302,25-44,5,1899-12-30 22:06:00,45-64
40.648673,-73.892913,25-44,5,1899-12-30 08:45:00,25-44
40.648673,-73.892913,25-44,5,1899-12-30 12:16:00,18-24
40.648786,-73.896717,18-24,10,1899-12-30 20:23:00,25-44
40.6488507469884,-73.951016510623,<18,122,1899-12-30 19:49:00,18-24
40.6488507469884,-73.951016510623,18-24,122,1899-12-30 19:49:00,18-24
40.649363,-73.960873,25-44,60,1899-12-30 17:45:00,25-44
40.649363,-73.960873,25-44,60,1899-12-30 22:50:00,25-44
40.649656,-73.893382,25-44,5,1899-12-30 20:12:00,(null)
40.64976,-73.89716,25-44,5,1899-12-30 20:50:00,(null)
40.650402,-73.963258,25-44,60,1899-12-30 21:05:00,(null)
40.650921,-73.930294,25-44,61,1899-12-30 07:14:00,25-44
40.651036,-73.945238,45-64,122,1899-12-30 00:25:00,25-44
40.651524,-73.883095,18-24,45,1899-12-30 17:26:00,18-24
40.65217,-73.949719,25-44,61,1899-12-30 01:42:00,(null)
40.65231392,-73.9560111,25-44,60,1899-12-30 19:10:00,<18
40.65231392,-73.9560111,25-44,60,1899-12-30 19:10:00,18-24
40.652667,-73.896736,18-24,5,1899-12-30 00:56:00,(null)
40.652667,-73.896736,25-44,5,1899-12-30 09:13:00,25-44
40.652901,-73.929493,25-44,61,1899-12-30 19:12:00,(null)
40.652997,-73.957965,<18,60,1899-12-30 20:55:00,(null)
40.653039,-73.919573,18-24,61,1899-12-30 05:10:00,(null)
40.653253,-73.912735,25-44,61,1899-12-30 16:45:00,18-24
40.65352238,-73.91014296,25-44,55,1899-12-30 01:30:00,(null)
40.653767,-73.738093,25-44,63,1899-12-30 00:40:00,(null)
40.654092,-73.864733,18-24,45,1899-12-30 08:20:00,(null)
40.654153,-73.911632,18-24,61,1899-12-30 05:00:00,(null)
40.654153,-73.911632,25-44,61,1899-12-30 06:42:00,(null)
40.65479217,-73.88998401,25-44,45,1899-12-30 02:30:00,25-44
40.655237,-73.959779,25-44,60,1899-12-30 03:16:00,25-44
40.655432,-73.913785,65+,61,1899-12-30 03:32:00,25-44
40.65549,-73.917952,25-44,61,1899-12-30 21:17:00,25-44
40.655532,-73.884096,<18,45,1899-12-30 13:30:00,<18
40.655632,-73.911539,45-64,55,1899-12-30 01:54:00,(null)
40.655711,-73.945257,25-44,61,1899-12-30 03:43:00,(null)
40.65572597,-73.75129439,18-24,126,1899-12-30 18:14:00,18-24
40.65572597,-73.75129439,18-24,126,1899-12-30 18:14:00,25-44
40.655915,-73.904336,25-44,55,1899-12-30 21:53:00,(null)
40.655915,-73.904336,45-64,55,1899-12-30 01:41:00,(null)
40.656517,-73.91636,25-44,61,1899-12-30 00:16:00,(null)
40.656574,-73.931405,18-24,122,1899-12-30 18:53:00,25-44
40.656574,-73.931405,25-44,122,1899-12-30 18:53:00,25-44
40.656595,-73.874123,25-44,45,1899-12-30 18:40:00,25-44
40.656636,-73.892433,18-24,45,1899-12-30 03:15:00,18-24
40.656665,-73.913243,45-64,55,1899-12-30 08:50:00,25-44
40.656665,-73.913243,45-64,55,1899-12-30 08:50:00,45-64
40.656813,-73.954809,25-44,17,1899-12-30 14:37:00,25-44
40.656898,-73.88509,25-44,45,1899-12-30 01:40:00,18-24
40.656898,-73.88509,45-64,90,1899-12-30 19:35:00,(null)
40.656911,-73.904087,25-44,55,1899-12-30 01:00:00,25-44
40.656911,-73.904087,25-44,55,1899-12-30 02:58:00,25-44
40.656968,-73.90846,25-44,110,1899-12-30 21:33:00,(null)
40.656968,-73.90846,45-64,110,1899-12-30 21:33:00,(null)
40.657037,-73.915572,18-24,61,1899-12-30 05:30:00,(null)
40.657037,-73.915572,25-44,61,1899-12-30 06:10:00,18-24
40.657037,-73.915572,25-44,61,1899-12-30 15:00:00,(null)
40.657049,-73.917709,25-44,61,1899-12-30 19:10:00,(null)
40.657248,-73.906582,25-44,110,1899-12-30 12:13:00,45-64
40.657417,-73.890859,25-44,45,1899-12-30 04:34:00,(null)
40.657557,-73.954888,<18,17,1899-12-30 15:47:00,<18
40.657785,-73.88304,25-44,45,1899-12-30 07:53:00,(null)
40.657829,-73.92302,45-64,61,1899-12-30 02:48:00,45-64
40.657877,-73.91354,18-24,55,1899-12-30 03:50:00,18-24
40.657926,-73.92079,18-24,61,1899-12-30 19:44:00,(null)
40.657933,-73.914552,18-24,55,1899-12-30 13:50:00,(null)
40.657933,-73.914552,25-44,55,1899-12-30 13:50:00,(null)
40.658109,-73.946302,25-44,34,1899-12-30 19:20:00,(null)
40.658126,-73.916026,18-24,122,1899-12-30 14:28:00,18-24
40.658126,-73.916026,25-44,122,1899-12-30 14:28:00,18-24
40.658144,-73.882207,25-44,45,1899-12-30 22:30:00,(null)
40.6581577535544,-74.0004411548878,<18,9,1899-12-30 08:26:00,45-64
40.6581577535544,-74.0004411548878,18-24,18,1899-12-30 08:26:00,45-64
40.6581577535544,-74.0004411548878,25-44,18,1899-12-30 08:26:00,45-64
40.6581577535544,-74.0004411548878,45-64,18,1899-12-30 08:26:00,45-64
40.658265,-73.950371,18-24,17,1899-12-30 15:40:00,18-24
40.658372,-73.886184,25-44,45,1899-12-30 02:30:00,(null)
40.658434,-73.909791,45-64,55,1899-12-30 14:45:00,25-44
40.658571,-73.90887,<18,55,1899-12-30 18:02:00,<18
40.658571,-73.90887,18-24,55,1899-12-30 19:45:00,(null)
40.659049,-73.950454,25-44,17,1899-12-30 18:08:00,(null)
40.659445,-73.931204,25-44,61,1899-12-30 05:04:00,(null)
40.659508,-73.930198,45-64,61,1899-12-30 22:34:00,25-44
40.659549,-73.907661,25-44,55,1899-12-30 15:30:00,(null)
40.660416,-73.897748,25-44,45,1899-12-30 23:30:00,25-44
40.660475,-73.881297,25-44,45,1899-12-30 11:54:00,18-24
40.660508,-73.925391,18-24,61,1899-12-30 09:23:00,(null)
40.66050949,-73.96281426,<18,13,1899-12-30 20:00:00,(null)
40.660526,-73.911814,<18,110,1899-12-30 18:00:00,18-24
40.660535,-73.893173,25-44,45,1899-12-30 23:19:00,(null)
40.66087512,-73.90945904,45-64,55,1899-12-30 22:19:00,25-44
40.661013,-73.763036,25-44,63,1899-12-30 23:05:00,(null)
40.661361,-73.906205,<18,55,1899-12-30 10:30:00,18-24
40.661509,-73.910577,25-44,55,1899-12-30 02:44:00,(null)
40.661648,-73.915002,25-44,55,1899-12-30 19:25:00,18-24
40.661661,-73.733311,25-44,63,1899-12-30 21:15:00,25-44
40.661934,-73.921029,25-44,61,1899-12-30 01:17:00,45-64
40.66214,-73.92721,18-24,61,1899-12-30 05:35:00,(null)
40.66221546,-73.93046373,18-24,61,1899-12-30 13:55:00,(null)
40.662315,-73.938653,25-44,17,1899-12-30 00:35:00,(null)
40.662351,-73.768283,65+,63,1899-12-30 15:02:00,45-64
40.6625545,-73.9089197,<18,55,1899-12-30 20:10:00,<18
40.6625545,-73.9089197,18-24,55,1899-12-30 20:10:00,<18
40.6625545,-73.9089197,25-44,55,1899-12-30 20:10:00,<18
40.6625545,-73.9089197,45-64,55,1899-12-30 20:10:00,<18
40.662923,-73.919703,25-44,55,1899-12-30 04:27:00,(null)
40.663103,-73.740969,<18,63,1899-12-30 13:43:00,(null)
40.663374,-73.886664,<18,45,1899-12-30 00:41:00,(null)
40.663374,-73.886664,25-44,45,1899-12-30 13:20:00,25-44
40.663437,-73.897563,18-24,45,1899-12-30 14:21:00,25-44
40.663682,-73.765109,45-64,63,1899-12-30 03:03:00,(null)
40.663769,-73.865202,25-44,45,1899-12-30 18:20:00,<18
40.663876,-73.996114,18-24,18,1899-12-30 15:51:00,25-44
40.663876,-73.996114,18-24,9,1899-12-30 15:51:00,45-64
40.664024,-73.909775,<18,55,1899-12-30 04:41:00,18-24
40.664024,-73.909775,25-44,110,1899-12-30 04:41:00,18-24
40.664073,-73.734273,18-24,63,1899-12-30 01:15:00,(null)
40.664092,-73.943389,45-64,17,1899-12-30 10:16:00,18-24
40.664121282631,-73.9477648403751,<18,17,1899-12-30 14:40:00,(null)
40.66415444,-73.91960851,65+,55,1899-12-30 21:35:00,(null)
40.664185,-73.926408,25-44,61,1899-12-30 18:47:00,25-44
40.664185,-73.926408,45-64,61,1899-12-30 18:47:00,25-44
40.66441274,-73.88726114,25-44,45,1899-12-30 21:40:00,(null)
40.664665,-73.923314,25-44,61,1899-12-30 17:50:00,(null)
40.664685,-73.889183,25-44,45,1899-12-30 13:19:00,25-44
40.664694,-73.867333,25-44,45,1899-12-30 22:06:00,25-44
40.664861,-73.90419,<18,110,1899-12-30 00:20:00,18-24
40.664874,-73.878081,18-24,45,1899-12-30 22:00:00,18-24
40.66495266,-73.92287688,25-44,55,1899-12-30 11:30:00,25-44
40.665017,-73.95711,18-24,17,1899-12-30 04:35:00,18-24
40.665017,-73.95711,25-44,17,1899-12-30 17:34:00,<18
40.665017,-73.95711,25-44,17,1899-12-30 18:50:00,<18
40.665017,-73.95711,25-44,17,1899-12-30 18:50:00,18-24
40.665032,-73.953738,18-24,17,1899-12-30 09:25:00,18-24
40.665436,-73.951612,18-24,17,1899-12-30 22:58:00,(null)
40.665436,-73.951612,25-44,17,1899-12-30 22:58:00,(null)
40.66576,-73.908802,45-64,55,1899-12-30 18:45:00,45-64
40.665763,-73.941145,25-44,17,1899-12-30 00:10:00,25-44
40.666038,-73.906938,25-44,55,1899-12-30 00:38:00,(null)
40.666038,-73.906938,25-44,55,1899-12-30 21:10:00,25-44
40.666074,-73.930421,25-44,17,1899-12-30 21:20:00,(null)
40.666223,-73.922536,25-44,55,1899-12-30 00:13:00,(null)
40.66628,-73.874814,18-24,45,1899-12-30 19:14:00,(null)
40.66644036,-73.95360831,25-44,17,1899-12-30 01:53:00,(null)
40.666649,-73.892068,25-44,45,1899-12-30 20:05:00,25-44
40.666771,-73.923499,25-44,110,1899-12-30 02:00:00,(null)
40.667027,-73.871333,25-44,45,1899-12-30 19:45:00,25-44
40.667127,-73.866977,65+,45,1899-12-30 18:36:00,(null)
40.66714241,-73.95924553,25-44,17,1899-12-30 04:26:00,25-44
40.66729,-73.909161,25-44,55,1899-12-30 10:41:00,25-44
40.667381,-73.908225,25-44,55,1899-12-30 01:20:00,<18
40.66742594,-73.90823176,<18,55,1899-12-30 03:17:00,(null)
40.667566,-73.907293,25-44,55,1899-12-30 03:42:00,(null)
40.667621,-73.896254,18-24,45,1899-12-30 00:55:00,(null)
40.667621,-73.896254,25-44,45,1899-12-30 17:50:00,<18
40.667748,-73.929828,25-44,17,1899-12-30 06:35:00,25-44
40.667984,-73.861,18-24,90,1899-12-30 23:35:00,18-24
40.6682,-73.9031,25-44,55,1899-12-30 13:51:00,25-44
40.668278,-73.744211,65+,63,1899-12-30 07:40:00,65+
40.668341,-73.906514,25-44,55,1899-12-30 14:22:00,25-44
40.668576,-73.926978,<18,16,1899-12-30 18:15:00,18-24
40.668604,-73.759252,25-44,41,1899-12-30 22:13:00,25-44
40.668621,-73.904627,25-44,55,1899-12-30 01:53:00,(null)
40.66864793,-73.92834824,45-64,16,1899-12-30 20:03:00,18-24
40.668679,-73.873306,25-44,45,1899-12-30 23:00:00,(null)
40.669185,-73.905249,25-44,55,1899-12-30 15:33:00,(null)
40.669185,-73.905249,25-44,55,1899-12-30 20:58:00,(null)
40.669258,-73.864194,25-44,45,1899-12-30 16:55:00,(null)
40.669321,-73.904338,25-44,55,1899-12-30 20:48:00,(null)
40.669355,-73.924018,18-24,16,1899-12-30 21:55:00,25-44
40.66978732,-73.91658449,18-24,55,1899-12-30 00:53:00,(null)
40.66978732,-73.91658449,45-64,55,1899-12-30 00:53:00,(null)
40.66979689,-73.87056172,25-44,45,1899-12-30 13:00:00,(null)
40.669828,-73.914691,18-24,55,1899-12-30 23:39:00,18-24
40.669828,-73.914691,25-44,55,1899-12-30 22:35:00,(null)
40.670009,-73.928221,25-44,16,1899-12-30 19:30:00,18-24
40.67016,-73.862998,<18,45,1899-12-30 22:55:00,18-24
40.67016,-73.862998,25-44,45,1899-12-30 00:10:00,(null)
40.670162,-73.903108,25-44,55,1899-12-30 23:46:00,(null)
40.670198,-73.92394,25-44,16,1899-12-30 00:30:00,<18
40.670423,-73.919836,18-24,55,1899-12-30 02:15:00,25-44
40.670463,-73.936529,45-64,16,1899-12-30 00:10:00,25-44
40.670563,-73.922425,25-44,55,1899-12-30 13:10:00,25-44
40.67058184,-73.93095247,45-64,16,1899-12-30 01:10:00,(null)
40.670658,-73.875644,25-44,45,1899-12-30 23:37:00,(null)
40.670787,-73.735005,18-24,63,1899-12-30 17:06:00,<18
40.67081,-73.935107,25-44,16,1899-12-30 23:24:00,(null)
40.6711300016904,-73.9135020552048,18-24,55,1899-12-30 00:04:00,(null)
40.6711300016904,-73.9135020552048,18-24,55,1899-12-30 02:34:00,(null)
40.6711300016904,-73.9135020552048,25-44,55,1899-12-30 22:10:00,18-24
40.671245,-73.926713,<18,16,1899-12-30 20:43:00,25-44
40.671245,-73.926713,18-24,16,1899-12-30 02:46:00,(null)
40.671245,-73.926713,25-44,32,1899-12-30 19:50:00,25-44
40.67133,-73.936447,25-44,16,1899-12-30 06:20:00,(null)
40.6713598203364,-73.8818110231735,<18,45,1899-12-30 03:26:00,18-24
40.6713598203364,-73.8818110231735,18-24,45,1899-12-30 21:36:00,(null)
40.6713598203364,-73.8818110231735,25-44,45,1899-12-30 03:26:00,18-24
40.6713598203364,-73.8818110231735,25-44,45,1899-12-30 16:00:00,25-44
40.671636,-73.863359,25-44,45,1899-12-30 15:24:00,(null)
40.671888,-73.959343,25-44,16,1899-12-30 23:55:00,(null)
40.672084,-73.950293,65+,16,1899-12-30 17:01:00,25-44
40.672111,-73.847288,25-44,124,1899-12-30 18:30:00,25-44
40.672196,-73.876027,25-44,45,1899-12-30 00:34:00,(null)
40.672281,-73.809201,25-44,62,1899-12-30 15:50:00,18-24
40.672281,-73.809201,25-44,62,1899-12-30 15:50:00,25-44
40.67235,-73.7642,25-44,41,1899-12-30 18:47:00,25-44
40.672382,-73.892576,25-44,45,1899-12-30 16:00:00,25-44
40.672423,-73.915472,18-24,55,1899-12-30 17:40:00,18-24
40.672544,-73.843226,25-44,124,1899-12-30 05:29:00,25-44
40.672577,-73.873261,25-44,45,1899-12-30 00:35:00,(null)
40.67258227,-73.89121641,18-24,45,1899-12-30 01:16:00,(null)
40.67271591,-73.89031495,18-24,45,1899-12-30 14:35:00,18-24
40.672777,-73.866472,25-44,45,1899-12-30 18:50:00,(null)
40.672789,-73.88094,25-44,45,1899-12-30 19:05:00,18-24
40.673044,-73.943244,25-44,16,1899-12-30 19:03:00,(null)
40.673044,-73.943244,45-64,16,1899-12-30 19:03:00,(null)
40.673053,-73.879107,25-44,45,1899-12-30 02:20:00,(null)
40.673077,-73.869907,18-24,45,1899-12-30 13:00:00,<18
40.67313,-73.936303,25-44,16,1899-12-30 20:39:00,(null)
40.673156,-73.907766,25-44,55,1899-12-30 16:30:00,(null)
40.673228,-73.789452,25-44,41,1899-12-30 06:10:00,18-24
40.673233,-73.904374,18-24,55,1899-12-30 20:49:00,(null)
40.673267,-73.939029,18-24,16,1899-12-30 18:04:00,(null)
40.6734,-73.756691,25-44,41,1899-12-30 02:33:00,(null)
40.673433,-73.803594,25-44,62,1899-12-30 23:40:00,(null)
40.673496,-73.871451,25-44,45,1899-12-30 11:35:00,(null)
40.6735884,-73.96295477,25-44,16,1899-12-30 18:26:00,<18
40.673764,-73.923607,25-44,16,1899-12-30 17:15:00,(null)
40.67386108,-73.88258385,25-44,45,1899-12-30 16:35:00,(null)
40.673916,-73.899768,25-44,45,1899-12-30 05:12:00,25-44
40.673971,-73.872735,18-24,45,1899-12-30 01:50:00,(null)
40.6741545,-73.76839661,25-44,82,1899-12-30 22:14:00,25-44
40.67431365,-73.95008068,25-44,16,1899-12-30 23:35:00,(null)
40.674323,-73.789208,25-44,41,1899-12-30 20:51:00,(null)
40.674597,-73.905533,25-44,55,1899-12-30 00:37:00,(null)
40.674757,-73.880961,25-44,45,1899-12-30 00:51:00,25-44
40.674877,-73.999506,25-44,14,1899-12-30 22:46:00,(null)
40.67505347,-73.94722849,18-24,16,1899-12-30 16:44:00,(null)
40.67505347,-73.94722849,25-44,16,1899-12-30 16:44:00,(null)
40.675129,-73.948615,25-44,16,1899-12-30 20:23:00,(null)
40.675197,-73.961628,<18,16,1899-12-30 19:49:00,(null)
40.67520292,-73.95000071,18-24,16,1899-12-30 10:55:00,(null)
40.675358,-73.738213,25-44,63,1899-12-30 05:04:00,25-44
40.675554,-73.875431,25-44,45,1899-12-30 09:00:00,25-44
40.675608,-73.926656,25-44,16,1899-12-30 13:30:00,(null)
40.675608,-73.926656,25-44,16,1899-12-30 18:05:00,25-44
40.675638,-73.927184,65+,16,1899-12-30 09:32:00,25-44
40.67565,-73.949958,25-44,16,1899-12-30 20:13:00,(null)
40.675719,-73.921496,<18,55,1899-12-30 00:08:00,25-44
40.675719,-73.921496,<18,55,1899-12-30 15:21:00,(null)
40.6757902,-73.90267914,25-44,45,1899-12-30 21:40:00,(null)
40.675882,-73.938805,18-24,16,1899-12-30 23:31:00,(null)
40.676006,-73.904794,18-24,55,1899-12-30 10:17:00,(null)
40.676019,-73.948531,25-44,32,1899-12-30 00:55:00,(null)
40.676019,-73.948531,45-64,32,1899-12-30 00:55:00,(null)
40.67603833,-73.79034193,<18,41,1899-12-30 20:49:00,(null)
40.676179,-73.775862,25-44,41,1899-12-30 22:30:00,25-44
40.67621,-73.923366,18-24,16,1899-12-30 19:34:00,(null)
40.676224,-74.006944,18-24,14,1899-12-30 23:57:00,25-44
40.676224,-74.006944,25-44,14,1899-12-30 10:55:00,(null)
40.676224,-74.006944,45-64,14,1899-12-30 10:55:00,(null)
40.676306,-74.005935,18-24,14,1899-12-30 22:30:00,(null)
40.6763291,-73.86546213,18-24,45,1899-12-30 19:03:00,(null)
40.676388,-74.004922,25-44,14,1899-12-30 18:30:00,18-24
40.676485,-73.94988,25-44,16,1899-12-30 06:21:00,(null)
40.676508,-73.93596,25-44,16,1899-12-30 01:19:00,(null)
40.676521,-73.928998,25-44,16,1899-12-30 21:50:00,25-44
40.6765536,-73.86265324,25-44,45,1899-12-30 22:00:00,18-24
40.676683,-73.889929,18-24,45,1899-12-30 00:23:00,25-44
40.676998,-73.790807,25-44,82,1899-12-30 23:37:00,(null)
40.677017,-73.901694,45-64,45,1899-12-30 22:40:00,(null)
40.67734,-73.822681,25-44,62,1899-12-30 15:50:00,25-44
40.677488,-73.882583,<18,45,1899-12-30 23:30:00,<18
40.677651,-73.842883,45-64,62,1899-12-30 14:26:00,25-44
40.67779,-73.937242,<18,16,1899-12-30 13:36:00,(null)
40.677966,-73.892125,25-44,90,1899-12-30 13:30:00,(null)
40.677966,-73.892125,45-64,90,1899-12-30 13:30:00,(null)
40.67805,-73.913572,25-44,55,1899-12-30 22:43:00,25-44
40.678058,-73.942283,18-24,69,1899-12-30 18:36:00,18-24
40.67813319,-73.76373558,<18,41,1899-12-30 23:20:00,(null)
40.67816786,-73.74649498,45-64,63,1899-12-30 02:18:00,(null)
40.678387,-73.864063,25-44,45,1899-12-30 00:45:00,(null)
40.678448,-73.927951,18-24,69,1899-12-30 17:51:00,25-44
40.67868176,-73.79970022,25-44,41,1899-12-30 23:47:00,(null)
40.678692,-73.888581,18-24,45,1899-12-30 04:00:00,18-24
40.678962,-73.82676,45-64,62,1899-12-30 04:57:00,25-44
40.679236,-73.886871,18-24,90,1899-12-30 03:26:00,45-64
40.679236,-73.886871,25-44,90,1899-12-30 03:26:00,45-64
40.67933379,-73.97532148,<18,14,1899-12-30 00:30:00,(null)
40.679363,-73.912411,25-44,55,1899-12-30 20:15:00,(null)
40.679439,-73.95843,25-44,16,1899-12-30 22:56:00,(null)
40.67956101,-73.89889884,25-44,45,1899-12-30 15:50:00,25-44
40.67963555,-73.94958277,25-44,69,1899-12-30 22:20:00,(null)
40.67982,-73.881764,18-24,45,1899-12-30 20:10:00,25-44
40.679914,-73.940768,18-24,138,1899-12-30 18:55:00,18-24
40.680068,-73.791101,<18,41,1899-12-30 17:01:00,(null)
40.680069,-73.943618,65+,69,1899-12-30 14:19:00,(null)
40.680112,-73.79198,18-24,41,1899-12-30 19:50:00,25-44
40.680147,-73.959819,25-44,32,1899-12-30 06:21:00,(null)
40.680147,-73.959819,45-64,32,1899-12-30 06:21:00,(null)
40.68016244,-73.893187,25-44,45,1899-12-30 03:36:00,45-64
40.68023592,-73.75083163,25-44,63,1899-12-30 14:10:00,25-44
40.680332,-73.930038,25-44,69,1899-12-30 00:45:00,18-24
40.680524,-73.915358,25-44,55,1899-12-30 16:30:00,(null)
40.68057,-73.952463,18-24,69,1899-12-30 01:42:00,(null)
40.68061,-73.9113,25-44,55,1899-12-30 02:33:00,(null)
40.680648,-73.882442,25-44,45,1899-12-30 05:10:00,18-24
40.680672,-73.9271,18-24,69,1899-12-30 03:00:00,(null)
40.68072,-73.979174,18-24,14,1899-12-30 01:20:00,(null)
40.680749,-73.953886,18-24,69,1899-12-30 18:56:00,(null)
40.680844,-73.922352,25-44,69,1899-12-30 21:04:00,(null)
40.680919,-73.908645,<18,55,1899-12-30 15:00:00,(null)
40.680919,-73.908645,<18,55,1899-12-30 18:40:00,25-44
40.680919,-73.908645,18-24,55,1899-12-30 21:15:00,(null)
40.680919,-73.908645,25-44,55,1899-12-30 18:40:00,25-44
40.681071,-73.788718,18-24,41,1899-12-30 21:32:00,18-24
40.681071,-73.788718,18-24,41,1899-12-30 21:32:00,25-44
40.681084,-73.946362,18-24,69,1899-12-30 01:52:00,(null)
40.681365,-73.921073,18-24,69,1899-12-30 02:13:00,<18
40.68137727,-73.9077727,25-44,55,1899-12-30 00:12:00,18-24
40.681573,-73.922486,25-44,69,1899-12-30 00:18:00,(null)
40.681924,-73.733439,25-44,63,1899-12-30 00:22:00,(null)
40.681992,-73.948221,25-44,69,1899-12-30 22:45:00,25-44
40.682139,-73.927407,45-64,69,1899-12-30 23:25:00,25-44
40.682165,-73.905259,18-24,42,1899-12-30 16:00:00,(null)
40.682373,-73.821758,18-24,62,1899-12-30 09:26:00,25-44
40.682398279333,-73.8400721577516,18-24,62,1899-12-30 19:09:00,(null)
40.682446,-73.90965,18-24,110,1899-12-30 04:01:00,25-44
40.683161,-73.983395,<18,14,1899-12-30 23:19:00,(null)
40.683268,-73.930624,25-44,69,1899-12-30 20:41:00,(null)
40.683291,-73.974852,<18,68,1899-12-30 17:27:00,(null)
40.683413,-73.869267,18-24,45,1899-12-30 00:28:00,(null)
40.683474,-73.800346,<18,41,1899-12-30 22:25:00,<18
40.683474,-73.800346,<18,41,1899-12-30 22:25:00,18-24
40.683652,-73.868441,25-44,45,1899-12-30 04:38:00,(null)
40.683723,-73.970979,<18,68,1899-12-30 17:36:00,(null)
40.68376577,-73.98699469,18-24,14,1899-12-30 12:20:00,18-24
40.68376577,-73.98699469,18-24,14,1899-12-30 12:20:00,25-44
40.68376577,-73.98699469,25-44,14,1899-12-30 12:20:00,18-24
40.68376577,-73.98699469,25-44,14,1899-12-30 12:20:00,25-44
40.683967,-73.782834,45-64,41,1899-12-30 21:57:00,(null)
40.68409241,-73.80168507,25-44,41,1899-12-30 19:59:00,<18
40.68409241,-73.80168507,25-44,41,1899-12-30 19:59:00,18-24
40.684302,-73.869901,18-24,45,1899-12-30 02:26:00,18-24
40.684336,-73.927847,18-24,69,1899-12-30 01:15:00,(null)
40.684336,-73.927847,25-44,69,1899-12-30 01:15:00,(null)
40.68441438,-73.86950574,25-44,45,1899-12-30 00:02:00,(null)
40.684637,-73.974101,25-44,68,1899-12-30 14:12:00,25-44
40.684689,-73.781699,18-24,41,1899-12-30 19:50:00,(null)
40.685406,-73.815295,65+,62,1899-12-30 23:30:00,(null)
40.685655,-73.955472,UNKNOWN,69,1899-12-30 08:35:00,25-44
40.685718,-73.878116,18-24,45,1899-12-30 15:20:00,<18
40.685774,-73.864751,25-44,46,1899-12-30 19:35:00,(null)
40.685807,-73.871153,25-44,45,1899-12-30 17:10:00,(null)
40.685957,-73.873848,18-24,45,1899-12-30 15:40:00,25-44
40.685978,-73.923324,25-44,69,1899-12-30 18:58:00,25-44
40.686388,-73.949096,25-44,69,1899-12-30 16:22:00,18-24
40.686458,-73.938732,25-44,69,1899-12-30 01:11:00,25-44
40.68656,-73.869578,45-64,45,1899-12-30 12:01:00,45-64
40.686807,-73.853567,<18,92,1899-12-30 18:19:00,(null)
40.686807,-73.853567,18-24,46,1899-12-30 18:19:00,(null)
40.686807,-73.853567,25-44,46,1899-12-30 18:19:00,(null)
40.686988,-73.980814,25-44,68,1899-12-30 03:34:00,(null)
40.687285,-73.91817,25-44,69,1899-12-30 04:50:00,25-44
40.68732381,-73.83524522,25-44,46,1899-12-30 03:30:00,25-44
40.687724,-73.937489,18-24,69,1899-12-30 00:19:00,(null)
40.687724,-73.937489,25-44,69,1899-12-30 06:20:00,25-44
40.687776,-73.869864,25-44,45,1899-12-30 19:04:00,(null)
40.688207,-73.94633,25-44,69,1899-12-30 01:39:00,25-44
40.688372,-73.727478,25-44,63,1899-12-30 23:50:00,(null)
40.688883,-73.817347,18-24,124,1899-12-30 04:54:00,18-24
40.689014,-73.811429,25-44,62,1899-12-30 21:39:00,18-24
40.689014,-73.811429,25-44,124,1899-12-30 21:39:00,25-44
40.689041,-73.958614,25-44,69,1899-12-30 00:58:00,(null)
40.689129,-73.931787,<18,69,1899-12-30 23:22:00,(null)
40.689129,-73.931787,25-44,138,1899-12-30 23:22:00,(null)
40.689129,-73.931787,45-64,69,1899-12-30 23:22:00,(null)
40.689322,-73.949679,45-64,69,1899-12-30 10:20:00,25-44
40.6894642952604,-73.9240290899499,<18,69,1899-12-30 14:45:00,<18
40.6894642952604,-73.9240290899499,<18,69,1899-12-30 14:45:00,18-24
40.6894642952604,-73.9240290899499,18-24,69,1899-12-30 12:20:00,18-24
40.6894642952604,-73.9240290899499,25-44,69,1899-12-30 17:45:00,(null)
40.689924,-73.937928,18-24,69,1899-12-30 02:18:00,(null)
40.689924,-73.937928,25-44,69,1899-12-30 20:19:00,45-64
40.69,-73.943784,18-24,69,1899-12-30 13:40:00,25-44
40.6901,-73.825477,25-44,92,1899-12-30 01:28:00,25-44
40.690496,-73.959003,18-24,69,1899-12-30 22:41:00,(null)
40.690628,-73.798669,25-44,41,1899-12-30 22:57:00,25-44
40.690747,-73.956814,25-44,69,1899-12-30 21:45:00,25-44
40.690991,-73.93515,45-64,138,1899-12-30 19:40:00,(null)
40.69114,-73.921033,<18,42,1899-12-30 12:30:00,(null)
40.69125,-73.867634,25-44,46,1899-12-30 02:08:00,(null)
40.69128245,-73.79779446,25-44,41,1899-12-30 04:15:00,(null)
40.69231704,-73.88267756,25-44,54,1899-12-30 05:46:00,18-24
40.692334,-73.906973,45-64,42,1899-12-30 18:30:00,25-44
40.692334,-73.906973,45-64,42,1899-12-30 18:30:00,45-64
40.692822,-73.758146,25-44,41,1899-12-30 18:03:00,25-44
40.693035,-73.928275,25-44,84,1899-12-30 21:32:00,25-44
40.693055,-73.757298,25-44,41,1899-12-30 23:24:00,(null)
40.693091,-73.733598,<18,63,1899-12-30 23:41:00,18-24
40.693229,-73.972367,<18,68,1899-12-30 01:58:00,25-44
40.693469,-73.799968,25-44,41,1899-12-30 13:26:00,25-44
40.693523,-73.932668,18-24,69,1899-12-30 01:25:00,(null)
40.69362,-73.763686,18-24,41,1899-12-30 15:57:00,18-24
40.69409002,-73.93426741,25-44,69,1899-12-30 19:00:00,(null)
40.694097,-73.80336,25-44,41,1899-12-30 01:47:00,25-44
40.694181,-73.802536,25-44,41,1899-12-30 01:38:00,25-44
40.694243,-73.976018,18-24,68,1899-12-30 03:36:00,<18
40.694243,-73.976018,18-24,136,1899-12-30 03:36:00,18-24
40.694256,-73.932807,18-24,138,1899-12-30 13:05:00,45-64
40.694256,-73.932807,45-64,138,1899-12-30 13:05:00,45-64
40.694484,-73.902183,18-24,54,1899-12-30 01:25:00,18-24
40.694484,-73.902183,18-24,54,1899-12-30 01:25:00,25-44
40.695007,-73.978093,18-24,68,1899-12-30 18:48:00,<18
40.695026,-73.981393,45-64,68,1899-12-30 20:57:00,25-44
40.69513,-73.973306,18-24,68,1899-12-30 00:41:00,<18
40.695155,-73.974221,25-44,68,1899-12-30 00:15:00,(null)
40.69521717,-73.93748302,18-24,69,1899-12-30 00:30:00,(null)
40.695539,-73.761625,25-44,41,1899-12-30 00:55:00,(null)
40.695894,-73.919288,<18,42,1899-12-30 00:51:00,18-24
40.695921,-73.820586,18-24,92,1899-12-30 04:10:00,(null)
40.695921,-73.820586,25-44,92,1899-12-30 04:10:00,(null)
40.696104,-73.952707,18-24,69,1899-12-30 12:22:00,(null)
40.696104,-73.952707,25-44,69,1899-12-30 12:22:00,(null)
40.696104,-73.952707,25-44,69,1899-12-30 22:22:00,(null)
40.69613097,-73.98710407,<18,68,1899-12-30 13:41:00,<18
40.69614063,-73.97833369,18-24,68,1899-12-30 17:27:00,25-44
40.696171,-73.794633,<18,41,1899-12-30 19:51:00,(null)
40.696171,-73.794633,25-44,41,1899-12-30 16:50:00,(null)
40.69629,-73.744088,<18,63,1899-12-30 16:00:00,<18
40.69629,-73.744088,<18,63,1899-12-30 16:00:00,25-44
40.69629,-73.744088,18-24,63,1899-12-30 16:00:00,<18
40.69629,-73.744088,18-24,63,1899-12-30 16:00:00,25-44
40.69644305,-73.92227067,18-24,42,1899-12-30 04:24:00,18-24
40.69644305,-73.92227067,18-24,42,1899-12-30 04:24:00,25-44
40.69648,-73.900186,25-44,108,1899-12-30 03:55:00,25-44
40.696522,-73.939249,18-24,69,1899-12-30 12:11:00,<18
40.69668853,-73.93779178,18-24,69,1899-12-30 03:07:00,(null)
40.696831,-73.783824,25-44,41,1899-12-30 21:00:00,25-44
40.69683337,-73.74445858,25-44,63,1899-12-30 15:12:00,25-44
40.6969863,-73.93522383,25-44,69,1899-12-30 23:34:00,25-44
40.69718,-73.921547,25-44,42,1899-12-30 00:36:00,(null)
40.697196,-73.935615,18-24,69,1899-12-30 15:56:00,<18
40.697196,-73.935615,18-24,69,1899-12-30 15:56:00,18-24
40.697196,-73.935615,18-24,69,1899-12-30 15:56:00,25-44
40.697394,-73.951286,25-44,69,1899-12-30 22:04:00,25-44
40.697394,-73.951286,45-64,69,1899-12-30 22:04:00,25-44
40.69758364,-73.94964853,25-44,69,1899-12-30 22:23:00,(null)
40.698008,-73.937075,45-64,69,1899-12-30 01:13:00,(null)
40.698381,-73.94255,<18,69,1899-12-30 22:23:00,18-24
40.698695,-73.939859,25-44,69,1899-12-30 18:33:00,25-44
40.698954,-73.79299,18-24,41,1899-12-30 13:36:00,18-24
40.69932415739,-73.831570887672,25-44,46,1899-12-30 07:20:00,(null)
40.69932415739,-73.831570887672,25-44,92,1899-12-30 19:05:00,25-44
40.699374,-73.940499,18-24,69,1899-12-30 17:45:00,25-44
40.699576,-73.82169,<18,92,1899-12-30 21:39:00,(null)
40.699576,-73.82169,18-24,184,1899-12-30 21:39:00,(null)
40.699576,-73.82169,25-44,92,1899-12-30 21:39:00,(null)
40.69959,-73.951729,18-24,69,1899-12-30 15:35:00,18-24
40.699791,-73.983792,25-44,68,1899-12-30 03:01:00,(null)
40.699791,-73.983792,25-44,68,1899-12-30 23:45:00,45-64
40.699831,-73.900862,25-44,54,1899-12-30 02:27:00,25-44
40.700122,-73.75424,18-24,41,1899-12-30 22:37:00,18-24
40.700503,-73.94154,25-44,69,1899-12-30 01:07:00,(null)
40.700503,-73.94154,25-44,69,1899-12-30 23:23:00,(null)
40.700885,-73.807811,18-24,82,1899-12-30 13:46:00,(null)
40.700885,-73.807811,25-44,41,1899-12-30 13:46:00,(null)
40.700985,-73.943733,25-44,36,1899-12-30 20:00:00,<18
40.701026,-73.928311,<18,84,1899-12-30 18:49:00,18-24
40.701314,-73.981796,18-24,68,1899-12-30 22:55:00,25-44
40.701399,-73.983806,25-44,136,1899-12-30 17:58:00,18-24
40.701467,-73.920853,25-44,42,1899-12-30 07:33:00,45-64
40.701477,-73.807904,18-24,41,1899-12-30 01:15:00,(null)
40.701477,-73.94442,18-24,36,1899-12-30 16:09:00,(null)
40.701618,-73.918947,18-24,42,1899-12-30 04:11:00,(null)
40.70165505,-73.9456458,25-44,36,1899-12-30 02:44:00,25-44
40.70178,-73.80657,18-24,41,1899-12-30 21:57:00,18-24
40.70206,-73.749741,<18,41,1899-12-30 23:04:00,18-24
40.702228,-73.956039,18-24,36,1899-12-30 18:36:00,(null)
40.70247387,-73.79992086,18-24,41,1899-12-30 19:15:00,25-44
40.70253089,-73.81429299,18-24,41,1899-12-30 03:48:00,25-44
40.70267548,-73.93395238,18-24,36,1899-12-30 18:00:00,18-24
40.702907,-73.800061,25-44,41,1899-12-30 05:17:00,25-44
40.70293311,-73.78517201,25-44,41,1899-12-30 17:45:00,25-44
40.70334171,-73.80020318,<18,82,1899-12-30 14:40:00,(null)
40.703379,-73.787338,25-44,41,1899-12-30 23:56:00,25-44
40.703499,-73.920029,45-64,42,1899-12-30 19:00:00,25-44
40.70399,-73.939746,25-44,36,1899-12-30 13:33:00,(null)
40.70399,-73.939746,25-44,36,1899-12-30 18:35:00,18-24
40.70409073,-73.92764291,45-64,42,1899-12-30 19:13:00,45-64
40.704425,-73.917927,25-44,42,1899-12-30 06:41:00,(null)
40.7044350296655,-73.8937807141634,25-44,54,1899-12-30 03:00:00,(null)
40.70462487,-73.93502164,<18,36,1899-12-30 15:01:00,<18
40.70484741,-73.80111117,<18,41,1899-12-30 14:50:00,<18
40.706203,-73.864202,25-44,54,1899-12-30 00:10:00,(null)
40.706592,-73.795606,<18,41,1899-12-30 16:35:00,25-44
40.706592,-73.795606,25-44,41,1899-12-30 12:15:00,25-44
40.70663261,-73.80658821,25-44,41,1899-12-30 04:18:00,25-44
40.706647,-73.754276,25-44,82,1899-12-30 22:30:00,25-44
40.707046,-73.769402,25-44,41,1899-12-30 14:46:00,(null)
40.7072398161698,-73.7927267255908,18-24,41,1899-12-30 16:30:00,18-24
40.70730577,-73.75121376,<18,41,1899-12-30 22:40:00,(null)
40.707565,-73.799683,25-44,41,1899-12-30 08:05:00,(null)
40.708106,-73.965133,<18,36,1899-12-30 18:19:00,18-24
40.708721,-73.898228,45-64,216,1899-12-30 08:16:00,45-64
40.708791,-73.935773,25-44,36,1899-12-30 04:30:00,(null)
40.709501,-73.767502,18-24,82,1899-12-30 22:00:00,(null)
40.70999,-73.953108,25-44,36,1899-12-30 18:25:00,25-44
40.710631,-73.800093,18-24,25,1899-12-30 03:44:00,(null)
40.710631,-73.800093,25-44,25,1899-12-30 00:17:00,(null)
40.711331,-73.992223,18-24,280,1899-12-30 00:15:00,<18
40.711331,-73.992223,18-24,140,1899-12-30 00:15:00,25-44
40.711382,-74.000106,18-24,70,1899-12-30 14:40:00,25-44
40.711437,-73.981969,25-44,70,1899-12-30 01:30:00,25-44
40.712389,-73.784907,25-44,25,1899-12-30 03:40:00,25-44
40.712708,-73.989228,25-44,70,1899-12-30 12:23:00,<18
40.71299,-73.985992,25-44,70,1899-12-30 12:00:00,18-24
40.7160120119955,-73.9973320301008,25-44,70,1899-12-30 01:23:00,(null)
40.7163099917327,-73.9831660136947,25-44,70,1899-12-30 13:25:00,<18
40.71659232,-73.74291823,18-24,63,1899-12-30 20:03:00,18-24
40.71659232,-73.74291823,25-44,63,1899-12-30 20:03:00,18-24
40.7169248,-73.98321491,25-44,70,1899-12-30 03:42:00,(null)
40.717008,-73.938152,45-64,36,1899-12-30 01:50:00,25-44
40.717072,-73.819036,25-44,25,1899-12-30 00:34:00,18-24
40.717629,-73.99826,18-24,57,1899-12-30 22:18:00,18-24
40.71801843,-73.99995671,45-64,57,1899-12-30 11:42:00,25-44
40.71867,-73.986245,18-24,70,1899-12-30 18:54:00,18-24
40.7193,-73.992389,25-44,140,1899-12-30 22:05:00,<18
40.719373,-74.000231,45-64,57,1899-12-30 06:00:00,25-44
40.719467,-73.975034,25-44,70,1899-12-30 21:56:00,25-44
40.719917,-73.733314,25-44,63,1899-12-30 22:00:00,25-44
40.7206733,-73.97823191,18-24,70,1899-12-30 23:18:00,18-24
40.72068627,-73.8186689,18-24,25,1899-12-30 15:10:00,(null)
40.720763,-73.846429,25-44,40,1899-12-30 23:45:00,25-44
40.721109,-73.987359,25-44,70,1899-12-30 04:15:00,25-44
40.721169,-73.837661,45-64,40,1899-12-30 21:29:00,(null)
40.72178,-73.978978,25-44,70,1899-12-30 22:22:00,18-24
40.721994,-73.993394,45-64,57,1899-12-30 03:43:00,(null)
40.722079,-73.988194,25-44,70,1899-12-30 22:37:00,(null)
40.72253462,-73.95934514,18-24,36,1899-12-30 21:28:00,(null)
40.72278,-73.981345,25-44,70,1899-12-30 09:00:00,45-64
40.724401,-73.999856,25-44,114,1899-12-30 17:05:00,18-24
40.72469185,-73.75409283,18-24,25,1899-12-30 23:29:00,(null)
40.72664,-73.943721,25-44,36,1899-12-30 05:15:00,(null)
40.726817,-73.975988,25-44,70,1899-12-30 13:34:00,18-24
40.726998,-73.89357,25-44,54,1899-12-30 01:13:00,25-44
40.7270006940205,-73.9529831112437,18-24,36,1899-12-30 01:30:00,(null)
40.7270006940205,-73.9529831112437,18-24,36,1899-12-30 03:25:00,(null)
40.727129,-73.984192,25-44,70,1899-12-30 23:05:00,45-64
40.727598,-73.977819,18-24,140,1899-12-30 19:34:00,25-44
40.72761934,-73.84687505,45-64,40,1899-12-30 22:34:00,45-64
40.727772,-74.004299,25-44,57,1899-12-30 04:38:00,25-44
40.728417,-73.944962,18-24,36,1899-12-30 20:35:00,(null)
40.728417,-73.944962,25-44,72,1899-12-30 20:35:00,(null)
40.728417,-73.944962,45-64,36,1899-12-30 20:35:00,(null)
40.72848,-73.950365,18-24,36,1899-12-30 02:39:00,(null)
40.730142,-73.88781,<18,54,1899-12-30 13:30:00,<18
40.730265,-73.811895,18-24,25,1899-12-30 16:19:00,(null)
40.732054,-73.813346,25-44,50,1899-12-30 23:39:00,25-44
40.732918,-73.814859,18-24,25,1899-12-30 17:08:00,(null)
40.73397884,-73.99094318,18-24,57,1899-12-30 23:46:00,(null)
40.7342,-73.989341,25-44,70,1899-12-30 05:01:00,25-44
40.73442238,-73.92237069,25-44,53,1899-12-30 02:25:00,(null)
40.734681,-73.810626,18-24,25,1899-12-30 21:10:00,<18
40.735973,-73.954083,25-44,36,1899-12-30 18:16:00,18-24
40.737162,-73.78493,<18,25,1899-12-30 16:10:00,<18
40.737162,-73.78493,<18,25,1899-12-30 16:10:00,18-24
40.737162,-73.78493,18-24,50,1899-12-30 16:10:00,<18
40.737162,-73.78493,18-24,50,1899-12-30 16:10:00,18-24
40.7376829,-73.85204816,45-64,66,1899-12-30 13:59:00,18-24
40.740256,-73.980633,1022,71,1899-12-30 16:48:00,18-24
40.74185,-73.85069,18-24,134,1899-12-30 10:40:00,18-24
40.741928,-73.993512,25-44,12,1899-12-30 00:15:00,25-44
40.7426636084461,-73.9980491084798,25-44,24,1899-12-30 22:00:00,25-44
40.7428752,-73.93393779,25-44,106,1899-12-30 06:05:00,(null)
40.743462,-74.00539,25-44,12,1899-12-30 21:34:00,25-44
40.743504,-73.994224,25-44,12,1899-12-30 03:33:00,(null)
40.744781,-73.898795,<18,53,1899-12-30 02:25:00,(null)
40.747153,-73.869859,25-44,132,1899-12-30 13:35:00,25-44
40.747826,-73.876604,18-24,66,1899-12-30 20:07:00,(null)
40.748344,-73.87717,18-24,66,1899-12-30 03:34:00,(null)
40.748879,-73.872107,18-24,65,1899-12-30 13:23:00,25-44
40.74893947,-73.85447013,25-44,66,1899-12-30 04:53:00,(null)
40.74921,-73.868941,<18,66,1899-12-30 14:53:00,<18
40.74929877,-73.89757673,25-44,53,1899-12-30 15:20:00,18-24
40.74930759,-73.86140607,25-44,132,1899-12-30 15:03:00,45-64
40.749576,-74.004654,25-44,48,1899-12-30 22:18:00,25-44
40.749576,-74.004654,25-44,48,1899-12-30 22:18:00,45-64
40.749984,-73.872038,18-24,65,1899-12-30 14:51:00,18-24
40.75053011,-73.87687613,25-44,65,1899-12-30 21:20:00,18-24
40.750567,-73.941772,25-44,53,1899-12-30 00:01:00,(null)
40.751938,-73.873344,18-24,130,1899-12-30 17:50:00,(null)
40.751938,-73.873344,45-64,65,1899-12-30 17:50:00,(null)
40.75203639,-73.94272089,25-44,53,1899-12-30 14:45:00,(null)
40.753493,-73.990661,18-24,22,1899-12-30 03:48:00,45-64
40.75364719,-73.74439223,25-44,26,1899-12-30 10:49:00,(null)
40.753997,-73.864793,45-64,65,1899-12-30 02:09:00,25-44
40.754692,-73.9935,18-24,24,1899-12-30 00:10:00,18-24
40.754692,-73.9935,18-24,12,1899-12-30 00:10:00,25-44
40.754692,-73.9935,25-44,24,1899-12-30 00:10:00,18-24
40.754692,-73.9935,25-44,12,1899-12-30 00:10:00,25-44
40.754926,-73.910388,45-64,39,1899-12-30 06:25:00,25-44
40.755434,-73.943421,18-24,39,1899-12-30 20:22:00,25-44
40.755434,-73.943421,45-64,39,1899-12-30 01:43:00,25-44
40.755607,-73.884903,18-24,65,1899-12-30 02:29:00,18-24
40.755607,-73.884903,25-44,65,1899-12-30 02:29:00,18-24
40.7560575,-73.94282211,25-44,39,1899-12-30 01:30:00,25-44
40.756161,-73.971561,25-44,142,1899-12-30 04:15:00,25-44
40.756266,-73.945013,25-44,39,1899-12-30 21:45:00,(null)
40.75629,-73.878395,<18,65,1899-12-30 15:20:00,<18
40.7568201683051,-73.9711432633524,18-24,71,1899-12-30 02:39:00,25-44
40.757257,-73.831574,25-44,22,1899-12-30 16:50:00,45-64
40.757421,-73.997079,25-44,12,1899-12-30 05:20:00,25-44
40.757826,-73.919931,25-44,39,1899-12-30 04:49:00,(null)
40.758678,-73.82034,45-64,22,1899-12-30 16:15:00,(null)
40.759443,-73.893651,18-24,65,1899-12-30 18:33:00,18-24
40.759443,-73.893651,18-24,65,1899-12-30 18:33:00,25-44
40.7596334,-73.90147013,18-24,39,1899-12-30 02:40:00,(null)
40.760042,-73.991458,18-24,12,1899-12-30 04:28:00,(null)
40.760149,-73.983952,18-24,11,1899-12-30 04:15:00,(null)
40.7603961392658,-73.7675025349456,<18,26,1899-12-30 15:08:00,<18
40.7603961392658,-73.7675025349456,18-24,26,1899-12-30 02:56:00,(null)
40.761665,-73.938595,25-44,39,1899-12-30 14:48:00,<18
40.762296,-73.841919,18-24,67,1899-12-30 13:23:00,(null)
40.76279,-73.869339,18-24,65,1899-12-30 19:29:00,18-24
40.76280983,-73.99316654,18-24,12,1899-12-30 05:00:00,18-24
40.763784,-73.997415,18-24,12,1899-12-30 04:05:00,25-44
40.764106,-73.821156,25-44,22,1899-12-30 21:48:00,(null)
40.764613,-73.833362,25-44,22,1899-12-30 22:15:00,25-44
40.764651,-73.828,25-44,22,1899-12-30 20:50:00,(null)
40.764711,-73.989914,45-64,12,1899-12-30 01:17:00,25-44
40.764711,-73.989914,45-64,12,1899-12-30 01:17:00,45-64
40.766224,-73.927497,25-44,39,1899-12-30 01:40:00,25-44
40.766533,-73.9923,25-44,12,1899-12-30 11:10:00,18-24
40.768139,-73.910433,25-44,39,1899-12-30 01:40:00,18-24
40.768139,-73.910433,25-44,39,1899-12-30 01:40:00,25-44
40.769734,-73.909869,25-44,39,1899-12-30 01:36:00,(null)
40.770156,-73.915127,18-24,39,1899-12-30 03:52:00,(null)
40.770156,-73.915127,25-44,39,1899-12-30 03:52:00,(null)
40.770724,-73.833724,18-24,22,1899-12-30 01:45:00,(null)
40.772921,-73.933414,25-44,39,1899-12-30 07:30:00,(null)
40.773785,-73.936279,18-24,39,1899-12-30 17:05:00,25-44
40.775158,-73.93478,25-44,39,1899-12-30 01:15:00,(null)
40.775981,-73.91048,25-44,39,1899-12-30 01:43:00,(null)
40.777638,-73.982369,25-44,20,1899-12-30 04:20:00,<18
40.777638,-73.982369,25-44,60,1899-12-30 04:20:00,18-24
40.777638,-73.982369,25-44,20,1899-12-30 04:20:00,25-44
40.78324782,-73.9447234,18-24,23,1899-12-30 19:45:00,(null)
40.784854,-73.950625,18-24,23,1899-12-30 20:23:00,18-24
40.784873,-73.846284,25-44,22,1899-12-30 16:55:00,25-44
40.786582,-73.940798,25-44,14,1899-12-30 02:02:00,18-24
40.786582,-73.940798,25-44,14,1899-12-30 02:02:00,25-44
40.78756,-73.943129,25-44,7,1899-12-30 02:50:00,(null)
40.78845,-73.939372,<18,14,1899-12-30 20:49:00,18-24
40.78845,-73.939372,18-24,7,1899-12-30 19:20:00,18-24
40.78845,-73.939372,25-44,7,1899-12-30 17:15:00,25-44
40.78845,-73.939372,25-44,7,1899-12-30 20:04:00,(null)
40.788526,-73.945439,25-44,7,1899-12-30 02:38:00,(null)
40.788824,-73.951937,18-24,14,1899-12-30 01:31:00,18-24
40.789323,-73.946316,25-44,28,1899-12-30 11:10:00,25-44
40.789794,-73.952288,45-64,7,1899-12-30 19:55:00,25-44
40.79025281,-73.94563486,45-64,7,1899-12-30 22:58:00,25-44
40.792617,-73.95023,45-64,7,1899-12-30 22:58:00,(null)
40.793778,-73.937034,18-24,7,1899-12-30 20:42:00,18-24
40.793944,-73.949261,25-44,7,1899-12-30 05:19:00,25-44
40.794086,-73.936809,25-44,7,1899-12-30 05:45:00,25-44
40.794443,-73.94258,25-44,7,1899-12-30 23:16:00,(null)
40.794443,-73.94258,45-64,7,1899-12-30 23:16:00,(null)
40.795659,-73.935662,25-44,7,1899-12-30 22:56:00,18-24
40.795754,-73.943715,25-44,14,1899-12-30 01:55:00,(null)
40.795807,-73.937099,25-44,14,1899-12-30 23:30:00,25-44
40.796382,-73.964958,18-24,20,1899-12-30 19:21:00,25-44
40.796382,-73.964958,25-44,20,1899-12-30 12:17:00,25-44
40.796382,-73.964958,25-44,20,1899-12-30 19:21:00,25-44
40.796412,-73.949555,<18,7,1899-12-30 16:57:00,<18
40.797008,-73.942802,18-24,7,1899-12-30 18:26:00,18-24
40.797475,-73.938898,25-44,7,1899-12-30 19:35:00,18-24
40.797621,-73.934223,25-44,7,1899-12-30 16:30:00,25-44
40.79763944,-73.93126854,25-44,14,1899-12-30 22:55:00,18-24
40.798141,-73.970169,25-44,20,1899-12-30 13:31:00,25-44
40.798158,-73.950401,25-44,18,1899-12-30 21:25:00,(null)
40.798252,-73.942864,25-44,7,1899-12-30 23:43:00,(null)
40.798285,-73.94082,18-24,7,1899-12-30 00:47:00,25-44
40.798961,-73.943488,25-44,7,1899-12-30 03:00:00,25-44
40.799522,-73.932838,25-44,7,1899-12-30 20:20:00,(null)
40.799522,-73.932838,25-44,7,1899-12-30 21:34:00,25-44
40.79970085,-73.96996382,25-44,20,1899-12-30 03:31:00,25-44
40.79987,-73.935634,25-44,7,1899-12-30 19:30:00,(null)
40.79993102,-73.94066426,25-44,7,1899-12-30 22:27:00,(null)
40.800244,-73.940436,25-44,14,1899-12-30 20:10:00,18-24
40.800269,-73.941469,18-24,7,1899-12-30 21:49:00,45-64
40.800269,-73.941469,25-44,7,1899-12-30 21:49:00,45-64
40.800405,-73.950864,18-24,18,1899-12-30 15:29:00,18-24
40.800647,-73.94858,18-24,18,1899-12-30 15:22:00,18-24
40.80072072,-73.95063603,25-44,18,1899-12-30 18:13:00,<18
40.80072072,-73.95063603,25-44,18,1899-12-30 18:13:00,18-24
40.800896,-73.941011,25-44,7,1899-12-30 06:15:00,<18
40.8009303727402,-73.9410982410066,18-24,56,1899-12-30 00:36:00,(null)
40.8009303727402,-73.9410982410066,18-24,7,1899-12-30 15:09:00,18-24
40.8009303727402,-73.9410982410066,25-44,14,1899-12-30 00:36:00,(null)
40.800987,-73.953221,25-44,18,1899-12-30 16:30:00,25-44
40.801003,-73.945161,25-44,14,1899-12-30 19:09:00,25-44
40.801108,-73.952532,25-44,18,1899-12-30 22:21:00,25-44
40.801258,-73.955816,<18,18,1899-12-30 09:25:00,25-44
40.8013326,-73.9501877,25-44,18,1899-12-30 22:50:00,25-44
40.8013326,-73.9501877,45-64,18,1899-12-30 21:00:00,(null)
40.80191585,-73.95347777,18-24,18,1899-12-30 15:22:00,18-24
40.802083,-73.936999,18-24,7,1899-12-30 21:59:00,18-24
40.802083,-73.936999,18-24,7,1899-12-30 21:59:00,25-44
40.802083,-73.936999,18-24,7,1899-12-30 21:59:00,45-64
40.802516,-73.954899,25-44,18,1899-12-30 19:54:00,<18
40.802758,-73.9386,25-44,7,1899-12-30 22:25:00,<18
40.802758,-73.9386,25-44,7,1899-12-30 22:25:00,18-24
40.802758,-73.9386,25-44,7,1899-12-30 22:25:00,25-44
40.802783,-73.939633,<18,7,1899-12-30 20:05:00,(null)
40.803278,-73.946662,25-44,18,1899-12-30 23:00:00,25-44
40.803799,-73.915795,25-44,49,1899-12-30 19:05:00,(null)
40.804292,-73.909401,25-44,49,1899-12-30 06:00:00,18-24
40.804292,-73.909401,25-44,49,1899-12-30 06:00:00,25-44
40.804487,-73.914084,18-24,98,1899-12-30 16:10:00,25-44
40.804487,-73.914084,25-44,98,1899-12-30 16:10:00,25-44
40.804711,-73.937173,25-44,7,1899-12-30 22:38:00,25-44
40.804711,-73.937173,45-64,7,1899-12-30 13:30:00,25-44
40.80487193,-73.91499563,18-24,49,1899-12-30 13:44:00,18-24
40.805251,-73.923716,25-44,49,1899-12-30 20:40:00,(null)
40.805388,-73.937736,25-44,7,1899-12-30 11:34:00,25-44
40.80606683,-73.9090412,25-44,49,1899-12-30 00:54:00,(null)
40.806195,-73.916003,25-44,49,1899-12-30 20:28:00,(null)
40.806231,-73.918204,25-44,49,1899-12-30 07:27:00,25-44
40.806231,-73.918204,25-44,49,1899-12-30 21:35:00,25-44
40.806574,-73.922875,18-24,49,1899-12-30 09:20:00,18-24
40.806574,-73.922875,18-24,49,1899-12-30 09:20:00,25-44
40.806635,-73.936826,<18,14,1899-12-30 16:20:00,<18
40.806635,-73.936826,25-44,7,1899-12-30 03:10:00,(null)
40.80687622,-73.9197215,25-44,49,1899-12-30 20:00:00,18-24
40.806901,-73.884017,25-44,8,1899-12-30 13:13:00,(null)
40.806981,-73.95155,45-64,18,1899-12-30 23:17:00,45-64
40.807401,-73.941544,25-44,7,1899-12-30 01:50:00,(null)
40.807698,-73.947398,25-44,18,1899-12-30 00:35:00,25-44
40.80773,-73.91963,45-64,49,1899-12-30 02:40:00,45-64
40.807768,-73.943382,<18,18,1899-12-30 12:06:00,18-24
40.808109,-73.945238,18-24,18,1899-12-30 06:58:00,18-24
40.808109,-73.945238,45-64,18,1899-12-30 06:58:00,18-24
40.808365,-73.914108,<18,49,1899-12-30 18:10:00,<18
40.8084177460021,-73.9524740603515,45-64,18,1899-12-30 06:47:00,25-44
40.808506,-73.921466,25-44,49,1899-12-30 23:39:00,(null)
40.808619,-73.939598,45-64,7,1899-12-30 13:36:00,(null)
40.809103,-73.925,<18,49,1899-12-30 19:30:00,18-24
40.809298,-73.925449,18-24,49,1899-12-30 11:55:00,18-24
40.809573,-73.949746,18-24,18,1899-12-30 15:24:00,<18
40.809573,-73.949746,18-24,18,1899-12-30 15:24:00,18-24
40.809573,-73.949746,18-24,18,1899-12-30 15:48:00,18-24
40.809573,-73.949746,45-64,18,1899-12-30 15:24:00,<18
40.809573,-73.949746,45-64,18,1899-12-30 15:24:00,18-24
40.809638,-73.942015,25-44,36,1899-12-30 02:10:00,18-24
40.809638,-73.942015,25-44,36,1899-12-30 02:10:00,25-44
40.80985,-73.937644,25-44,7,1899-12-30 19:29:00,18-24
40.80985,-73.937644,25-44,14,1899-12-30 19:29:00,25-44
40.81020941,-73.9394955,25-44,18,1899-12-30 03:29:00,18-24
40.81031855,-73.94362441,25-44,18,1899-12-30 21:42:00,<18
40.81031855,-73.94362441,25-44,18,1899-12-30 21:42:00,18-24
40.8103518634571,-73.924942325642,18-24,49,1899-12-30 10:50:00,18-24
40.8103518634571,-73.924942325642,18-24,49,1899-12-30 10:50:00,25-44
40.810401,-73.884923,18-24,8,1899-12-30 05:30:00,(null)
40.810469,-73.951878,18-24,18,1899-12-30 18:33:00,18-24
40.810515,-73.93525,25-44,7,1899-12-30 20:30:00,(null)
40.81063,-73.943399,18-24,18,1899-12-30 01:30:00,18-24
40.81063,-73.943399,18-24,18,1899-12-30 01:30:00,25-44
40.811106,-73.925518,25-44,49,1899-12-30 00:10:00,(null)
40.811123,-73.936714,45-64,7,1899-12-30 18:15:00,<18
40.811123,-73.936714,45-64,7,1899-12-30 18:15:00,18-24
40.811123,-73.936714,45-64,7,1899-12-30 18:15:00,25-44
40.811507,-73.922606,25-44,147,1899-12-30 12:25:00,(null)
40.811507,-73.922606,45-64,49,1899-12-30 12:25:00,(null)
40.811529,-73.940633,45-64,18,1899-12-30 15:10:00,45-64
40.811712,-73.92597,25-44,49,1899-12-30 04:15:00,18-24
40.811743,-73.950861,25-44,18,1899-12-30 16:00:00,45-64
40.811804,-73.954903,<18,37,1899-12-30 21:13:00,(null)
40.812117,-73.910273,<18,49,1899-12-30 00:54:00,18-24
40.812289,-73.923499,25-44,49,1899-12-30 17:22:00,<18
40.812515,-73.921193,18-24,49,1899-12-30 01:26:00,<18
40.812515,-73.921193,25-44,49,1899-12-30 20:14:00,25-44
40.812515,-73.921193,45-64,49,1899-12-30 20:14:00,25-44
40.812518,-73.924424,65+,49,1899-12-30 19:50:00,18-24
40.812633,-73.915093,25-44,49,1899-12-30 18:00:00,25-44
40.812684,-73.904324,25-44,8,1899-12-30 22:20:00,(null)
40.812837,-73.921971,18-24,49,1899-12-30 11:00:00,18-24
40.813048,-73.949067,18-24,18,1899-12-30 00:49:00,25-44
40.81308,-73.888027,18-24,8,1899-12-30 11:03:00,(null)
40.813196,-73.958257,45-64,37,1899-12-30 13:43:00,25-44
40.813208,-73.916848,25-44,49,1899-12-30 11:22:00,18-24
40.813208,-73.916848,25-44,49,1899-12-30 22:15:00,45-64
40.81323333,-73.90907475,18-24,98,1899-12-30 18:10:00,(null)
40.813254,-73.951546,25-44,37,1899-12-30 21:51:00,(null)
40.813343,-73.946995,25-44,18,1899-12-30 03:38:00,18-24
40.813343,-73.946995,25-44,18,1899-12-30 03:38:00,25-44
40.813528,-73.884787,45-64,8,1899-12-30 23:57:00,<18
40.813528,-73.884787,45-64,8,1899-12-30 23:57:00,18-24
40.813585,-73.949347,18-24,18,1899-12-30 18:03:00,(null)
40.813585,-73.949347,25-44,18,1899-12-30 17:43:00,(null)
40.814178,-73.898436,18-24,8,1899-12-30 05:03:00,25-44
40.814259,-73.948183,25-44,18,1899-12-30 17:40:00,18-24
40.814608,-73.946068,18-24,18,1899-12-30 15:18:00,<18
40.814706,-73.942277,18-24,18,1899-12-30 18:19:00,45-64
40.814706,-73.942277,25-44,18,1899-12-30 18:19:00,45-64
40.814706,-73.942277,25-44,36,1899-12-30 21:15:00,25-44
40.814715,-73.924507,25-44,49,1899-12-30 15:50:00,(null)
40.815057,-73.935946,18-24,72,1899-12-30 08:19:00,25-44
40.815057,-73.935946,25-44,72,1899-12-30 08:19:00,25-44
40.815187,-73.90641,25-44,49,1899-12-30 19:04:00,(null)
40.815318,-73.915863,25-44,49,1899-12-30 00:30:00,25-44
40.815912,-73.907491,<18,49,1899-12-30 14:00:00,(null)
40.815912,-73.907491,18-24,49,1899-12-30 14:00:00,(null)
40.81591307653,-73.9451493066481,18-24,18,1899-12-30 16:46:00,<18
40.81591307653,-73.9451493066481,18-24,18,1899-12-30 23:33:00,18-24
40.81591307653,-73.9451493066481,18-24,18,1899-12-30 23:33:00,25-44
40.81591307653,-73.9451493066481,25-44,18,1899-12-30 00:21:00,25-44
40.81591307653,-73.9451493066481,25-44,18,1899-12-30 22:28:00,25-44
40.81591307653,-73.9451493066481,45-64,18,1899-12-30 17:30:00,25-44
40.815975,-73.957291,25-44,37,1899-12-30 21:35:00,(null)
40.816288,-73.942983,25-44,18,1899-12-30 18:50:00,18-24
40.816458,-73.907805,25-44,49,1899-12-30 20:50:00,18-24
40.81666199,-73.93899107,25-44,18,1899-12-30 07:15:00,(null)
40.816771,-73.907303,25-44,49,1899-12-30 15:32:00,65+
40.816839,-73.946301,18-24,18,1899-12-30 02:09:00,18-24
40.816964,-73.888178,25-44,8,1899-12-30 19:07:00,25-44
40.81698,-73.953637,25-44,37,1899-12-30 02:28:00,18-24
40.81721463,-73.93094485,18-24,49,1899-12-30 15:37:00,18-24
40.81721463,-73.93094485,18-24,98,1899-12-30 15:37:00,25-44
40.817242,-73.957162,<18,37,1899-12-30 20:55:00,(null)
40.817242,-73.957162,45-64,37,1899-12-30 16:31:00,<18
40.817348,-73.90933,25-44,49,1899-12-30 10:33:00,18-24
40.818355,-73.907057,45-64,49,1899-12-30 16:00:00,<18
40.81901529,-73.84802682,25-44,58,1899-12-30 02:00:00,(null)
40.819019,-73.898391,25-44,32,1899-12-30 19:42:00,(null)
40.819073,-73.900843,18-24,8,1899-12-30 11:51:00,25-44
40.819261,-73.951972,45-64,37,1899-12-30 01:15:00,45-64
40.819383,-73.845297,<18,58,1899-12-30 17:03:00,18-24
40.819542,-73.911486,<18,196,1899-12-30 13:39:00,<18
40.819673,-73.90946,18-24,49,1899-12-30 17:45:00,25-44
40.819742,-73.9386,18-24,18,1899-12-30 23:01:00,(null)
40.819742,-73.9386,25-44,18,1899-12-30 23:01:00,(null)
40.820006,-73.886973,25-44,8,1899-12-30 05:28:00,25-44
40.820006,-73.886973,25-44,8,1899-12-30 19:30:00,(null)
40.820137,-73.892278,25-44,8,1899-12-30 15:41:00,25-44
40.820171,-73.953165,45-64,37,1899-12-30 18:35:00,18-24
40.820316,-73.862722,<18,58,1899-12-30 16:48:00,(null)
40.820368,-73.938143,25-44,18,1899-12-30 22:00:00,18-24
40.82042,-73.893884,18-24,8,1899-12-30 04:14:00,18-24
40.820498,-73.894911,18-24,8,1899-12-30 20:24:00,<18
40.820609,-73.914786,18-24,49,1899-12-30 13:30:00,18-24
40.820609,-73.914786,18-24,49,1899-12-30 13:30:00,25-44
40.82064782,-73.91771413,18-24,49,1899-12-30 20:08:00,25-44
40.820743,-73.848431,<18,58,1899-12-30 02:39:00,(null)
40.820946,-73.858016,25-44,58,1899-12-30 20:45:00,(null)
40.820946,-73.866221,18-24,58,1899-12-30 11:19:00,18-24
40.821173,-73.912369,25-44,49,1899-12-30 01:28:00,(null)
40.82119,-73.943962,25-44,18,1899-12-30 00:27:00,25-44
40.821199,-73.944854,25-44,36,1899-12-30 02:58:00,25-44
40.821226,-73.87273,25-44,58,1899-12-30 16:18:00,25-44
40.821226,-73.87273,25-44,58,1899-12-30 16:18:00,45-64
40.821273,-73.917418,25-44,49,1899-12-30 21:34:00,25-44
40.821301,-73.822195,18-24,43,1899-12-30 17:34:00,18-24
40.821302,-73.904623,18-24,34,1899-12-30 20:27:00,25-44
40.821562,-73.918498,<18,49,1899-12-30 21:23:00,(null)
40.821562,-73.918498,18-24,98,1899-12-30 02:50:00,(null)
40.82169684,-73.95291115,45-64,37,1899-12-30 15:33:00,25-44
40.821729,-73.892866,<18,8,1899-12-30 10:29:00,18-24
40.821729,-73.892866,18-24,8,1899-12-30 10:29:00,18-24
40.821812,-73.895871,18-24,8,1899-12-30 09:50:00,25-44
40.821812,-73.895871,25-44,8,1899-12-30 08:09:00,<18
40.821812,-73.895871,25-44,8,1899-12-30 08:09:00,18-24
40.821812,-73.895871,25-44,8,1899-12-30 09:50:00,25-44
40.821903,-73.903466,45-64,34,1899-12-30 23:41:00,25-44
40.82194478,-73.92809285,25-44,50,1899-12-30 10:45:00,(null)
40.822057,-73.874812,18-24,58,1899-12-30 18:09:00,(null)
40.822076,-73.890328,25-44,8,1899-12-30 23:57:00,25-44
40.822248,-73.920102,<18,50,1899-12-30 03:23:00,(null)
40.822248,-73.920102,<18,50,1899-12-30 04:05:00,(null)
40.822248,-73.920102,25-44,50,1899-12-30 00:15:00,25-44
40.8222710411331,-73.911697780277,<18,34,1899-12-30 18:24:00,18-24
40.8222710411331,-73.911697780277,25-44,34,1899-12-30 21:21:00,(null)
40.8222710411331,-73.911697780277,45-64,34,1899-12-30 04:27:00,(null)
40.822332,-73.936708,18-24,18,1899-12-30 02:43:00,25-44
40.822374,-73.896369,<18,8,1899-12-30 16:50:00,<18
40.822374,-73.896369,<18,8,1899-12-30 16:50:00,18-24
40.822526,-73.906095,18-24,34,1899-12-30 21:00:00,(null)
40.822599,-73.944344,18-24,74,1899-12-30 14:46:00,18-24
40.822649,-73.867314,18-24,58,1899-12-30 21:18:00,(null)
40.822734,-73.919347,25-44,50,1899-12-30 01:56:00,18-24
40.822734,-73.919347,25-44,50,1899-12-30 21:30:00,(null)
40.8229123084767,-73.8700413043181,18-24,58,1899-12-30 14:36:00,18-24
40.8229123084767,-73.8700413043181,18-24,58,1899-12-30 14:57:00,18-24
40.8229123084767,-73.8700413043181,25-44,58,1899-12-30 20:16:00,18-24
40.82321289,-73.89888654,<18,16,1899-12-30 23:25:00,(null)
40.823278,-73.909167,18-24,34,1899-12-30 23:42:00,18-24
40.82338475,-73.91833943,45-64,50,1899-12-30 13:30:00,(null)
40.82384,-73.9443,25-44,37,1899-12-30 14:05:00,18-24
40.823875,-73.937448,45-64,36,1899-12-30 01:13:00,25-44
40.823935,-73.917485,25-44,34,1899-12-30 02:12:00,25-44
40.823935,-73.917485,45-64,34,1899-12-30 17:43:00,25-44
40.823965,-73.852337,<18,58,1899-12-30 22:59:00,18-24
40.824201,-73.906494,45-64,34,1899-12-30 22:02:00,45-64
40.824684,-73.860868,25-44,116,1899-12-30 20:35:00,25-44
40.824898,-73.947852,25-44,37,1899-12-30 21:27:00,<18
40.825109,-73.86841,18-24,58,1899-12-30 13:09:00,18-24
40.82516,-73.949519,25-44,37,1899-12-30 17:00:00,25-44
40.825285,-73.917538,25-44,100,1899-12-30 19:23:00,25-44
40.82529,-73.820693,25-44,43,1899-12-30 06:45:00,18-24
40.82529,-73.820693,25-44,86,1899-12-30 06:45:00,25-44
40.825569,-73.947361,25-44,37,1899-12-30 03:29:00,18-24
40.825831,-73.949027,25-44,74,1899-12-30 19:42:00,18-24
40.825849,-73.870821,18-24,58,1899-12-30 02:35:00,(null)
40.82597381,-73.9156299,25-44,50,1899-12-30 23:50:00,25-44
40.826047,-73.9182,25-44,50,1899-12-30 08:55:00,(null)
40.826103,-73.904607,25-44,34,1899-12-30 01:52:00,(null)
40.826163,-73.91683,25-44,50,1899-12-30 22:27:00,25-44
40.8263,-73.943208,<18,37,1899-12-30 15:21:00,25-44
40.826315,-73.939375,25-44,18,1899-12-30 22:30:00,<18
40.826328,-73.901945,25-44,34,1899-12-30 18:53:00,(null)
40.826503,-73.948536,25-44,37,1899-12-30 19:48:00,(null)
40.826741,-73.908513,45-64,34,1899-12-30 00:18:00,18-24
40.826743,-73.952273,25-44,74,1899-12-30 13:15:00,18-24
40.826743,-73.952273,25-44,37,1899-12-30 13:15:00,25-44
40.826939,-73.93892,18-24,36,1899-12-30 20:17:00,18-24
40.827391,-73.85156,25-44,58,1899-12-30 06:22:00,25-44
40.82755688,-73.91476069,<18,50,1899-12-30 19:59:00,18-24
40.827709,-73.890892,25-44,34,1899-12-30 19:53:00,25-44
40.827787,-73.899001,18-24,34,1899-12-30 22:50:00,25-44
40.827787,-73.899001,25-44,34,1899-12-30 21:14:00,(null)
40.827964,-73.850116,45-64,58,1899-12-30 00:46:00,(null)
40.828648,-73.92323,25-44,50,1899-12-30 01:56:00,25-44
40.829286,-73.948364,18-24,37,1899-12-30 23:15:00,(null)
40.829286,-73.948364,25-44,37,1899-12-30 02:55:00,(null)
40.829451,-73.937954,18-24,18,1899-12-30 00:28:00,18-24
40.829956,-73.936699,45-64,18,1899-12-30 23:53:00,(null)
40.82997989,-73.91398791,25-44,50,1899-12-30 19:51:00,<18
40.829988,-73.936675,45-64,18,1899-12-30 06:53:00,45-64
40.830025,-73.908341,25-44,68,1899-12-30 16:48:00,18-24
40.830115,-73.919471,25-44,50,1899-12-30 01:23:00,25-44
40.83017,-73.918527,18-24,50,1899-12-30 18:50:00,18-24
40.830246,-73.876697,25-44,58,1899-12-30 00:46:00,(null)
40.830456,-73.899262,25-44,34,1899-12-30 14:35:00,(null)
40.830465,-73.861914,25-44,58,1899-12-30 13:50:00,25-44
40.830524,-73.867956,25-44,58,1899-12-30 01:50:00,25-44
40.830535,-73.947455,25-44,37,1899-12-30 18:18:00,25-44
40.830633,-73.874876,25-44,58,1899-12-30 13:00:00,25-44
40.830694,-73.922037,25-44,50,1899-12-30 22:54:00,18-24
40.830694,-73.922037,25-44,100,1899-12-30 22:54:00,25-44
40.83118703,-73.91327809,<18,50,1899-12-30 19:00:00,(null)
40.831221,-73.935749,25-44,18,1899-12-30 03:14:00,(null)
40.831245,-73.856145,25-44,58,1899-12-30 05:42:00,(null)
40.831263,-73.921453,25-44,50,1899-12-30 23:55:00,(null)
40.83159398,-73.85412673,18-24,58,1899-12-30 21:03:00,25-44
40.831692,-73.861045,25-44,58,1899-12-30 20:52:00,25-44
40.831854,-73.857076,18-24,58,1899-12-30 14:55:00,(null)
40.831854,-73.857076,25-44,58,1899-12-30 22:50:00,(null)
40.831862,-73.901769,25-44,34,1899-12-30 11:30:00,18-24
40.83197375,-73.92348912,25-44,50,1899-12-30 19:47:00,18-24
40.832218,-73.906377,25-44,34,1899-12-30 19:46:00,18-24
40.832218,-73.906377,25-44,34,1899-12-30 19:46:00,25-44
40.832347,-73.898544,18-24,34,1899-12-30 01:20:00,18-24
40.832551,-73.930574,25-44,50,1899-12-30 10:20:00,25-44
40.832615,-73.883914,18-24,116,1899-12-30 23:39:00,(null)
40.832615,-73.883914,25-44,58,1899-12-30 23:39:00,(null)
40.832686,-73.93967743,45-64,47,1899-12-30 20:00:00,(null)
40.832733,-73.92187,45-64,50,1899-12-30 21:38:00,18-24
40.832887,-73.926715,45-64,50,1899-12-30 22:01:00,25-44
40.833231,-73.890222,<18,34,1899-12-30 20:47:00,18-24
40.833231,-73.890222,18-24,34,1899-12-30 20:47:00,18-24
40.833231,-73.890222,45-64,34,1899-12-30 20:47:00,18-24
40.833263,-73.912572,25-44,50,1899-12-30 00:20:00,25-44
40.833381,-73.917153,18-24,50,1899-12-30 20:40:00,(null)
40.833452,-73.908964,25-44,34,1899-12-30 23:58:00,(null)
40.833567,-73.861118,25-44,58,1899-12-30 19:53:00,(null)
40.833889,-73.876543,18-24,58,1899-12-30 10:50:00,18-24
40.833927,-73.905425,25-44,34,1899-12-30 20:28:00,(null)
40.833928,-73.929797,25-44,50,1899-12-30 22:23:00,(null)
40.833978,-73.877971,18-24,58,1899-12-30 21:54:00,(null)
40.834711,-73.942543,25-44,94,1899-12-30 21:03:00,25-44
40.834751,-73.927388,45-64,100,1899-12-30 13:21:00,18-24
40.834751,-73.927388,45-64,50,1899-12-30 13:21:00,25-44
40.834758,-73.864483,18-24,58,1899-12-30 03:50:00,(null)
40.83501224,-73.91205887,25-44,50,1899-12-30 00:06:00,(null)
40.83557,-73.9088,18-24,50,1899-12-30 00:34:00,(null)
40.83560091,-73.91379272,<18,50,1899-12-30 18:00:00,<18
40.83571,-73.851302,18-24,43,1899-12-30 03:39:00,25-44
40.83577,-73.918934,25-44,50,1899-12-30 05:00:00,(null)
40.83577,-73.918934,25-44,50,1899-12-30 17:55:00,(null)
40.83579313,-73.93988783,25-44,47,1899-12-30 15:56:00,(null)
40.835933,-73.886463,25-44,34,1899-12-30 18:13:00,(null)
40.83596882,-73.86999268,18-24,116,1899-12-30 02:46:00,18-24
40.836529,-73.846997,18-24,43,1899-12-30 06:11:00,18-24
40.836529,-73.846997,25-44,43,1899-12-30 06:11:00,18-24
40.836593,-73.889069,25-44,34,1899-12-30 19:40:00,(null)
40.836629,-73.88708,25-44,34,1899-12-30 10:38:00,25-44
40.836629,-73.88708,25-44,34,1899-12-30 10:38:00,45-64
40.836698,-73.863356,45-64,58,1899-12-30 01:55:00,18-24
40.836708,-73.840521,45-64,43,1899-12-30 04:53:00,(null)
40.83675,-73.907078,25-44,50,1899-12-30 00:54:00,(null)
40.83676,-73.903834,18-24,34,1899-12-30 02:08:00,(null)
40.837057,-73.903667,25-44,34,1899-12-30 10:40:00,25-44
40.83706523,-73.88682041,25-44,68,1899-12-30 23:49:00,<18
40.83706523,-73.88682041,25-44,68,1899-12-30 23:49:00,18-24
40.837102,-73.847134,18-24,43,1899-12-30 18:14:00,18-24
40.837124,-73.900267,25-44,34,1899-12-30 14:24:00,(null)
40.837154,-73.846243,25-44,43,1899-12-30 03:25:00,25-44
40.837369,-73.906691,45-64,50,1899-12-30 16:26:00,18-24
40.83742538,-73.92036405,18-24,50,1899-12-30 18:45:00,<18
40.83756964,-73.85445695,25-44,58,1899-12-30 22:55:00,(null)
40.837683,-73.910994,25-44,200,1899-12-30 00:21:00,(null)
40.837712,-73.913224,18-24,50,1899-12-30 19:20:00,(null)
40.8378421209284,-73.9196277517392,25-44,50,1899-12-30 12:45:00,(null)
40.837962,-73.885259,25-44,34,1899-12-30 22:55:00,(null)
40.83817,-73.944939,25-44,47,1899-12-30 21:48:00,(null)
40.838802,-73.941412,18-24,47,1899-12-30 20:57:00,(null)
40.839198,-73.901329,25-44,34,1899-12-30 22:45:00,25-44
40.839633,-73.904964,18-24,34,1899-12-30 04:30:00,25-44
40.839953,-73.8765,25-44,35,1899-12-30 21:08:00,(null)
40.840051,-73.913741,25-44,50,1899-12-30 18:36:00,<18
40.840092,-73.915558,<18,50,1899-12-30 21:56:00,<18
40.840101,-73.921363,18-24,50,1899-12-30 02:30:00,(null)
40.84020924,-73.91014378,25-44,50,1899-12-30 02:40:00,(null)
40.840472,-73.940202,25-44,47,1899-12-30 08:20:00,(null)
40.840667,-73.921704,25-44,50,1899-12-30 03:55:00,(null)
40.840788,-73.938148,25-44,47,1899-12-30 20:20:00,25-44
40.840845,-73.925153,25-44,50,1899-12-30 23:43:00,25-44
40.84098,-73.882149,18-24,35,1899-12-30 13:33:00,18-24
40.841057,-73.917095,18-24,50,1899-12-30 04:13:00,25-44
40.841127,-73.914824,18-24,50,1899-12-30 17:30:00,18-24
40.841322,-73.843099,25-44,43,1899-12-30 04:00:00,(null)
40.84149605,-73.92484792,<18,50,1899-12-30 20:15:00,<18
40.84162225,-73.86939615,25-44,59,1899-12-30 21:08:00,25-44
40.841718,-73.843612,25-44,43,1899-12-30 01:39:00,(null)
40.842059,-73.91782,25-44,50,1899-12-30 18:50:00,(null)
40.84207,-73.87851,25-44,35,1899-12-30 20:52:00,(null)
40.842143,-73.885374,<18,35,1899-12-30 23:08:00,(null)
40.84218285,-73.8801255,25-44,35,1899-12-30 20:03:00,(null)
40.842658,-73.888947,25-44,35,1899-12-30 22:03:00,18-24
40.842796,-73.897076,45-64,34,1899-12-30 17:18:00,(null)
40.842821,-73.925492,25-44,50,1899-12-30 20:06:00,45-64
40.84286291,-73.89347513,25-44,35,1899-12-30 04:34:00,(null)
40.84297,-73.914577,25-44,50,1899-12-30 03:30:00,18-24
40.843004,-73.886251,25-44,35,1899-12-30 00:09:00,(null)
40.843004,-73.886251,25-44,35,1899-12-30 04:05:00,18-24
40.843004,-73.886251,25-44,70,1899-12-30 18:36:00,25-44
40.843004,-73.886251,45-64,70,1899-12-30 18:36:00,25-44
40.843031,-73.917122,25-44,50,1899-12-30 03:40:00,(null)
40.843031,-73.917122,45-64,50,1899-12-30 03:40:00,(null)
40.843341,-73.92375,25-44,50,1899-12-30 14:21:00,25-44
40.843351,-73.884563,18-24,35,1899-12-30 01:55:00,(null)
40.843537,-73.911821,18-24,50,1899-12-30 04:30:00,(null)
40.843537,-73.911821,25-44,50,1899-12-30 13:24:00,(null)
40.843537,-73.911821,25-44,50,1899-12-30 17:18:00,(null)
40.84390423,-73.89464086,18-24,35,1899-12-30 03:23:00,(null)
40.8441566000203,-73.9006054489734,25-44,35,1899-12-30 21:20:00,(null)
40.844251,-73.881062,<18,70,1899-12-30 17:50:00,18-24
40.844251,-73.881062,18-24,35,1899-12-30 00:30:00,(null)
40.844251,-73.881062,18-24,35,1899-12-30 01:54:00,(null)
40.844251,-73.881062,45-64,35,1899-12-30 17:50:00,18-24
40.844251,-73.881062,65+,35,1899-12-30 14:32:00,(null)
40.844372,-73.886691,25-44,35,1899-12-30 10:21:00,25-44
40.844568,-73.915305,45-64,50,1899-12-30 02:24:00,25-44
40.8445883,-73.90484654,25-44,50,1899-12-30 00:55:00,25-44
40.8445883,-73.90484654,25-44,200,1899-12-30 19:40:00,18-24
40.8445883,-73.90484654,25-44,200,1899-12-30 19:40:00,25-44
40.845215,-73.933959,25-44,47,1899-12-30 01:56:00,18-24
40.84542629,-73.84490874,45-64,59,1899-12-30 13:19:00,(null)
40.845658,-73.883806,18-24,70,1899-12-30 19:43:00,18-24
40.845658,-73.883806,45-64,70,1899-12-30 19:43:00,18-24
40.845902,-73.892118,25-44,35,1899-12-30 15:17:00,25-44
40.846165,-73.920148,25-44,6,1899-12-30 00:01:00,18-24
40.846384,-73.884128,18-24,35,1899-12-30 15:10:00,(null)
40.846395,-73.880767,<18,35,1899-12-30 20:51:00,(null)
40.846474,-73.893852,25-44,70,1899-12-30 13:40:00,18-24
40.846474,-73.893852,25-44,35,1899-12-30 13:40:00,25-44
40.846527,-73.909249,18-24,6,1899-12-30 18:55:00,18-24
40.846527,-73.909249,18-24,12,1899-12-30 18:55:00,25-44
40.846588,-73.895768,45-64,35,1899-12-30 20:22:00,45-64
40.846626,-73.909106,18-24,6,1899-12-30 01:06:00,25-44
40.846629,-73.91605,25-44,6,1899-12-30 15:22:00,25-44
40.846633,-73.919041,25-44,6,1899-12-30 20:45:00,(null)
40.84672,-73.910024,25-44,6,1899-12-30 09:50:00,(null)
40.84686352,-73.90141321,18-24,6,1899-12-30 03:02:00,(null)
40.84686352,-73.90141321,25-44,6,1899-12-30 03:02:00,(null)
40.847234,-73.938135,25-44,47,1899-12-30 05:09:00,25-44
40.847487,-73.89273,45-64,35,1899-12-30 10:45:00,18-24
40.847905,-73.90999,45-64,6,1899-12-30 18:49:00,(null)
40.848011,-73.884351,45-64,70,1899-12-30 13:15:00,25-44
40.84812006,-73.93088385,25-44,47,1899-12-30 22:50:00,(null)
40.848427,-73.931611,18-24,47,1899-12-30 01:12:00,(null)
40.84869307,-73.9032792,25-44,6,1899-12-30 22:27:00,18-24
40.848996,-73.88429,25-44,35,1899-12-30 19:43:00,(null)
40.849041,-73.900923,18-24,6,1899-12-30 22:40:00,(null)
40.849343,-73.935934,25-44,47,1899-12-30 14:45:00,25-44
40.849831,-73.900789,18-24,6,1899-12-30 16:05:00,18-24
40.84990005,-73.90917644,25-44,6,1899-12-30 23:15:00,(null)
40.850173,-73.890418,<18,35,1899-12-30 01:32:00,25-44
40.85044,-73.885123,65+,35,1899-12-30 16:19:00,<18
40.85044,-73.885123,65+,35,1899-12-30 16:19:00,18-24
40.850874,-73.892118,25-44,35,1899-12-30 20:20:00,(null)
40.851132,-73.912086,25-44,6,1899-12-30 19:18:00,(null)
40.8514,-73.885083,18-24,35,1899-12-30 11:30:00,(null)
40.8518,-73.904896,45-64,6,1899-12-30 08:59:00,(null)
40.85193646,-73.90556259,18-24,6,1899-12-30 22:30:00,18-24
40.852004,-73.922496,25-44,6,1899-12-30 03:26:00,18-24
40.852012,-73.907209,25-44,6,1899-12-30 01:18:00,25-44
40.852038,-73.931745,25-44,47,1899-12-30 05:04:00,(null)
40.852367,-73.913523,25-44,6,1899-12-30 03:13:00,25-44
40.85248768,-73.92769474,25-44,47,1899-12-30 23:35:00,25-44
40.85251,-73.917727,25-44,6,1899-12-30 22:08:00,18-24
40.85251,-73.917727,25-44,6,1899-12-30 22:08:00,25-44
40.852571,-73.893695,25-44,35,1899-12-30 06:20:00,25-44
40.852834,-73.884172,18-24,35,1899-12-30 01:00:00,(null)
40.852951,-73.903178,18-24,24,1899-12-30 03:50:00,18-24
40.852951,-73.903178,25-44,12,1899-12-30 03:50:00,18-24
40.853262,-73.886841,25-44,35,1899-12-30 10:08:00,(null)
40.853443,-73.891534,25-44,35,1899-12-30 00:50:00,25-44
40.8535983673823,-73.9005768807295,18-24,6,1899-12-30 01:08:00,45-64
40.8535983673823,-73.9005768807295,25-44,6,1899-12-30 02:29:00,(null)
40.853645,-73.906891,25-44,24,1899-12-30 00:46:00,25-44
40.85390908,-73.88362879,25-44,35,1899-12-30 02:01:00,(null)
40.853997,-73.930311,25-44,47,1899-12-30 04:14:00,(null)
40.85403,-73.884044,18-24,35,1899-12-30 04:08:00,<18
40.85403,-73.884044,18-24,70,1899-12-30 04:08:00,18-24
40.85403,-73.884044,18-24,35,1899-12-30 04:08:00,25-44
40.854055,-73.904783,18-24,6,1899-12-30 16:52:00,18-24
40.85433,-73.911806,25-44,6,1899-12-30 05:41:00,18-24
40.854402,-73.88233,18-24,70,1899-12-30 22:20:00,(null)
40.854402,-73.88233,25-44,70,1899-12-30 22:20:00,(null)
40.854402,-73.88233,45-64,70,1899-12-30 22:20:00,(null)
40.854684,-73.885804,25-44,35,1899-12-30 04:26:00,25-44
40.85469705,-73.89534312,25-44,70,1899-12-30 23:54:00,25-44
40.854745,-73.89356,25-44,35,1899-12-30 05:00:00,25-44
40.854793,-73.89215,25-44,70,1899-12-30 21:00:00,<18
40.854881,-73.901128,25-44,6,1899-12-30 00:24:00,18-24
40.855122,-73.889239,45-64,35,1899-12-30 02:05:00,45-64
40.855214,-73.915913,25-44,12,1899-12-30 21:58:00,18-24
40.855228,-73.881138,25-44,35,1899-12-30 17:40:00,<18
40.855228,-73.881138,25-44,35,1899-12-30 17:40:00,18-24
40.855644,-73.896141,25-44,6,1899-12-30 20:08:00,<18
40.855644,-73.896141,25-44,6,1899-12-30 20:08:00,18-24
40.855644,-73.896141,25-44,6,1899-12-30 20:08:00,25-44
40.855686,-73.892316,<18,35,1899-12-30 04:06:00,25-44
40.855734,-73.889823,25-44,35,1899-12-30 21:27:00,<18
40.8559,-73.897694,25-44,6,1899-12-30 07:23:00,25-44
40.8564035,-73.90729864,25-44,6,1899-12-30 03:31:00,45-64
40.8565767275976,-73.8438936779283,18-24,59,1899-12-30 15:13:00,<18
40.856703,-73.8919,25-44,35,1899-12-30 22:42:00,(null)
40.857414,-73.902346,<18,6,1899-12-30 21:15:00,<18
40.857414,-73.902346,<18,6,1899-12-30 21:15:00,18-24
40.857424,-73.846572,18-24,59,1899-12-30 14:15:00,(null)
40.857424,-73.846572,25-44,59,1899-12-30 12:35:00,25-44
40.857706,-73.903197,65+,6,1899-12-30 14:48:00,18-24
40.8579039,-73.86467188,<18,59,1899-12-30 04:29:00,(null)
40.857926,-73.901426,18-24,6,1899-12-30 02:54:00,(null)
40.858051,-73.899585,25-44,6,1899-12-30 01:07:00,25-44
40.858133,-73.864665,18-24,59,1899-12-30 17:00:00,(null)
40.858387,-73.900566,18-24,6,1899-12-30 11:52:00,25-44
40.858569,-73.89686,25-44,6,1899-12-30 14:28:00,25-44
40.858666,-73.868198,25-44,59,1899-12-30 20:47:00,(null)
40.858757,-73.864651,18-24,59,1899-12-30 16:46:00,(null)
40.858757,-73.864651,25-44,59,1899-12-30 16:46:00,(null)
40.859165,-73.909409,18-24,24,1899-12-30 21:22:00,(null)
40.859278,-73.86752,45-64,59,1899-12-30 19:05:00,25-44
40.859328,-73.902206,25-44,12,1899-12-30 11:28:00,<18
40.859328,-73.902206,25-44,6,1899-12-30 11:28:00,18-24
40.859639,-73.862589,25-44,59,1899-12-30 03:18:00,(null)
40.85982,-73.898563,18-24,6,1899-12-30 22:18:00,(null)
40.8599882,-73.90407979,25-44,24,1899-12-30 21:14:00,25-44
40.860077,-73.893629,18-24,6,1899-12-30 22:02:00,18-24
40.860455,-73.865559,<18,59,1899-12-30 14:21:00,<18
40.861094,-73.900215,<18,6,1899-12-30 23:13:00,(null)
40.861107,-73.926086,25-44,47,1899-12-30 16:06:00,25-44
40.861107,-73.926086,25-44,47,1899-12-30 23:27:00,25-44
40.861107,-73.926086,45-64,47,1899-12-30 22:01:00,(null)
40.861111,-73.921379,18-24,47,1899-12-30 22:49:00,(null)
40.86141,-73.907384,25-44,24,1899-12-30 00:01:00,25-44
40.86141,-73.907384,25-44,24,1899-12-30 00:01:00,45-64
40.861561,-73.898206,45-64,6,1899-12-30 19:06:00,18-24
40.861561,-73.898206,45-64,6,1899-12-30 19:06:00,25-44
40.86159271,-73.92474206,25-44,47,1899-12-30 02:55:00,25-44
40.861764,-73.857644,25-44,59,1899-12-30 00:12:00,25-44
40.86186421,-73.91273918,25-44,48,1899-12-30 04:08:00,25-44
40.862087,-73.925057,25-44,94,1899-12-30 15:43:00,18-24
40.862158,-73.890743,<18,24,1899-12-30 16:00:00,18-24
40.862614,-73.900682,25-44,6,1899-12-30 20:28:00,25-44
40.86278,-73.918945,25-44,47,1899-12-30 11:46:00,25-44
40.862797,-73.906854,18-24,24,1899-12-30 02:24:00,(null)
40.862797,-73.906854,25-44,24,1899-12-30 03:13:00,25-44
40.86321261,-73.86742317,18-24,59,1899-12-30 16:03:00,(null)
40.863216,-73.890408,18-24,24,1899-12-30 01:17:00,(null)
40.86383,-73.83369,45-64,59,1899-12-30 15:52:00,(null)
40.864128,-73.919179,25-44,47,1899-12-30 01:43:00,(null)
40.864128,-73.919179,25-44,47,1899-12-30 03:30:00,(null)
40.864322,-73.866377,25-44,59,1899-12-30 20:49:00,25-44
40.864322,-73.866377,25-44,59,1899-12-30 20:49:00,65+
40.86452525,-73.92661873,45-64,47,1899-12-30 11:31:00,<18
40.864612,-73.919204,25-44,47,1899-12-30 04:10:00,18-24
40.864612,-73.919204,25-44,47,1899-12-30 04:10:00,45-64
40.864717,-73.890683,25-44,24,1899-12-30 23:30:00,18-24
40.864752,-73.922825,18-24,47,1899-12-30 20:34:00,18-24
40.864959,-73.918904,25-44,47,1899-12-30 22:53:00,(null)
40.865091,-73.900492,18-24,24,1899-12-30 20:11:00,(null)
40.865114,-73.888498,<18,24,1899-12-30 21:29:00,(null)
40.865147,-73.892996,<18,24,1899-12-30 01:06:00,<18
40.865376,-73.893201,25-44,48,1899-12-30 01:41:00,25-44
40.865419,-73.867865,25-44,59,1899-12-30 22:27:00,(null)
40.865582,-73.92219,18-24,47,1899-12-30 01:02:00,18-24
40.865582,-73.92219,25-44,47,1899-12-30 22:32:00,18-24
40.865582,-73.92219,25-44,94,1899-12-30 23:55:00,18-24
40.865655,-73.891302,18-24,24,1899-12-30 23:50:00,(null)
40.866026,-73.891935,25-44,24,1899-12-30 11:10:00,25-44
40.866279,-73.886199,18-24,24,1899-12-30 22:54:00,18-24
40.866279,-73.886199,18-24,24,1899-12-30 22:54:00,25-44
40.866279,-73.886199,25-44,24,1899-12-30 22:54:00,18-24
40.866279,-73.886199,25-44,24,1899-12-30 22:54:00,25-44
40.866506,-73.852855,18-24,59,1899-12-30 22:56:00,(null)
40.86658962,-73.86832754,18-24,236,1899-12-30 22:08:00,18-24
40.867268,-73.869203,25-44,59,1899-12-30 07:50:00,(null)
40.867453,-73.886576,25-44,24,1899-12-30 02:26:00,25-44
40.867575,-73.881855,18-24,24,1899-12-30 16:09:00,(null)
40.867644,-73.907306,25-44,24,1899-12-30 21:55:00,(null)
40.86788073,-73.89942603,45-64,24,1899-12-30 02:33:00,25-44
40.868175,-73.846671,25-44,59,1899-12-30 03:40:00,25-44
40.868443,-73.844262,25-44,59,1899-12-30 10:12:00,(null)
40.86859,-73.845206,25-44,59,1899-12-30 19:29:00,45-64
40.868923,-73.902772,18-24,48,1899-12-30 00:40:00,<18
40.869352,-73.88206,18-24,24,1899-12-30 15:02:00,<18
40.8694704770483,-73.8798608037303,<18,24,1899-12-30 18:40:00,25-44
40.8694704770483,-73.8798608037303,25-44,24,1899-12-30 01:25:00,25-44
40.86972,-73.854609,25-44,59,1899-12-30 21:10:00,(null)
40.86984,-73.84995,<18,59,1899-12-30 18:34:00,(null)
40.869914,-73.879052,25-44,48,1899-12-30 03:32:00,25-44
40.86994867,-73.9040365,<18,24,1899-12-30 23:00:00,(null)
40.871182,-73.852957,45-64,59,1899-12-30 01:02:00,45-64
40.871477,-73.877161,25-44,24,1899-12-30 05:52:00,25-44
40.872153,-73.866141,18-24,29,1899-12-30 21:49:00,18-24
40.872327,-73.867127,18-24,29,1899-12-30 08:11:00,<18
40.872349,-73.868233,25-44,29,1899-12-30 22:57:00,(null)
40.872526,-73.912484,25-44,47,1899-12-30 06:59:00,(null)
40.873134,-73.853117,25-44,118,1899-12-30 20:02:00,<18
40.873322,-73.846473,25-44,29,1899-12-30 20:42:00,(null)
40.873484,-73.883235,18-24,24,1899-12-30 14:22:00,25-44
40.873981,-73.874363,25-44,24,1899-12-30 15:30:00,25-44
40.874128,-73.901621,25-44,48,1899-12-30 17:11:00,25-44
40.874743,-73.849272,25-44,29,1899-12-30 00:35:00,(null)
40.875161,-73.909056,<18,48,1899-12-30 20:10:00,18-24
40.875161,-73.909056,18-24,48,1899-12-30 20:06:00,(null)
40.875237,-73.851061,25-44,29,1899-12-30 15:03:00,25-44
40.875687,-73.801857,18-24,88,1899-12-30 04:19:00,25-44
40.87582907,-73.85093078,25-44,58,1899-12-30 13:29:00,18-24
40.876201,-73.907648,18-24,48,1899-12-30 02:25:00,(null)
40.876482,-73.839659,<18,29,1899-12-30 17:50:00,25-44
40.877561,-73.872933,<18,24,1899-12-30 20:05:00,<18
40.877561,-73.872933,<18,24,1899-12-30 20:05:00,25-44
40.877843,-73.864288,18-24,29,1899-12-30 13:26:00,<18
40.877843,-73.864288,18-24,29,1899-12-30 13:26:00,18-24
40.878703,-73.86344,25-44,29,1899-12-30 19:19:00,(null)
40.87885595,-73.87348159,25-44,24,1899-12-30 11:30:00,18-24
40.879,-73.86462,25-44,29,1899-12-30 23:38:00,25-44
40.88003,-73.862364,25-44,29,1899-12-30 02:06:00,25-44
40.880092,-73.859665,18-24,29,1899-12-30 22:28:00,(null)
40.880193,-73.83814,25-44,29,1899-12-30 10:58:00,18-24
40.880398,-73.863884,<18,29,1899-12-30 03:30:00,(null)
40.880398,-73.863884,18-24,29,1899-12-30 03:30:00,(null)
40.880998,-73.864255,45-64,29,1899-12-30 09:32:00,(null)
40.881709,-73.862145,18-24,29,1899-12-30 00:46:00,25-44
40.881863,-73.879905,18-24,24,1899-12-30 14:44:00,(null)
40.882523,-73.863393,25-44,29,1899-12-30 03:33:00,25-44
40.8828621313214,-73.9035744897024,25-44,48,1899-12-30 00:20:00,25-44
40.883119,-73.861372,45-64,29,1899-12-30 05:08:00,45-64
40.883142,-73.843365,25-44,29,1899-12-30 20:09:00,45-64
40.883332,-73.845505,<18,29,1899-12-30 14:20:00,18-24
40.884161,-73.849079,<18,29,1899-12-30 19:00:00,<18
40.884422,-73.833002,25-44,29,1899-12-30 21:11:00,(null)
40.884487,-73.905598,25-44,48,1899-12-30 17:53:00,18-24
40.885322,-73.834568,18-24,29,1899-12-30 22:03:00,(null)
40.885533,-73.853323,18-24,29,1899-12-30 23:40:00,18-24
40.885533,-73.853323,18-24,29,1899-12-30 23:40:00,25-44
40.885687,-73.831251,18-24,29,1899-12-30 20:12:00,<18
40.886853,-73.862682,<18,29,1899-12-30 14:50:00,18-24
40.8873136344706,-73.8472717577564,<18,29,1899-12-30 17:54:00,<18
40.8880176,-73.86372811,<18,29,1899-12-30 21:12:00,(null)
40.888763,-73.858246,45-64,29,1899-12-30 00:14:00,18-24
40.888763,-73.858246,45-64,29,1899-12-30 00:14:00,45-64
40.889374,-73.912958,18-24,48,1899-12-30 04:29:00,18-24
40.88955,-73.84768,<18,29,1899-12-30 17:14:00,25-44
40.890927,-73.849571,18-24,29,1899-12-30 02:56:00,(null)
40.890927,-73.849571,25-44,29,1899-12-30 01:20:00,(null)
40.891419,-73.851095,18-24,29,1899-12-30 20:44:00,18-24
40.894627,-73.858395,25-44,29,1899-12-30 22:46:00,25-44
40.894872,-73.882173,18-24,27,1899-12-30 20:38:00,18-24
40.894872,-73.882173,18-24,27,1899-12-30 20:38:00,25-44
40.894872,-73.882173,25-44,27,1899-12-30 16:30:00,25-44
40.894872,-73.882173,25-44,27,1899-12-30 20:38:00,18-24
40.894872,-73.882173,25-44,27,1899-12-30 20:38:00,25-44
40.89544907,-73.88001135,18-24,54,1899-12-30 04:40:00,(null)
40.89844961,-73.85429832,25-44,29,1899-12-30 22:47:00,18-24
40.899346,-73.856595,18-24,29,1899-12-30 18:48:00,25-44
40.901695,-73.846137,25-44,29,1899-12-30 21:35:00,18-24
40.90204439,-73.85155206,18-24,29,1899-12-30 00:59:00,(null)
40.90204439,-73.85155206,25-44,29,1899-12-30 00:59:00,(null)
40.902269,-73.847859,<18,29,1899-12-30 21:57:00,18-24
40.902763,-73.850945,25-44,29,1899-12-30 23:49:00,25-44
40.90316242,-73.84598587,25-44,29,1899-12-30 08:39:00,45-64
40.904861,-73.850599,25-44,29,1899-12-30 01:18:00,<18
40.905479,-73.848451,25-44,29,1899-12-30 21:51:00,18-24
